x_ref,y_ref
0.005003629,-3.44E-06
0.010014346015498665,-1.36E-05
0.015031900049944622,-3.04E-05
0.020056044,-5.36E-05
0.025086535149108725,-8.30E-05
0.030123134804779454,-0.000118458
0.035165608,-0.000159808
0.040213726,-0.000206861
0.045267260163391554,-0.000259442
0.050325989292618244,-0.000317371
0.055389695,-0.000380472
0.060458161,-0.000448566
0.065531179,-0.000521476
0.07060854,-0.000599022
0.075690041,-0.000681027
0.080775483,-0.000767313
0.085864669,-0.0008577
0.090957407,-0.000952012
0.096053508,-0.001050071
0.10115278677487495,-0.001151699
0.10625506023202752,-0.001256719
0.11136015000700293,-0.001364954
0.11646788057742091,-0.001476228
0.12157807966530061,-0.001590365
0.12669057818479754,-0.00170719
0.1318052101900823,-0.001826528
0.13692181282339239,-0.001948204
0.14204022626328705,-0.002072045
0.14716029367313327,-0.002197879
0.15228186114984998,-0.002325533
0.15740477767293573,-0.002454835
0.16252889505380363,-0.002585615
0.16765406788544657,-0.002717703
0.17278015349245357,-0.00285093
0.17790701188139765,-0.002985128
0.18303450569161372,-0.00312013
0.18816250014638422,-0.00325577
0.19329086300454906,-0.003391881
0.19841946451255493,-0.0035283
0.2035481773569585,-0.003664864
0.20867687661739648,-0.00380141
0.2138054397200352,-0.003937776
0.2189337463915104,-0.004073803
0.22406167861336795,-0.004209332
0.22918912057701515,-0.004344204
0.23431595863919066,-0.004478262
0.2394420812779613,-0.004611351
0.2445673790492526,-0.004743317
0.2496917445439194,-0.004874004
0.25481507234536177,-0.005003263
0.25993725898769154,-0.00513094
0.26505820291445337,-0.005256887
0.27017780443790357,-0.005380954
0.2752959656988504,-0.005502994
0.2804125906270576,-0.005622862
0.28552758490221297,-0.005740411
0.29064085591546385,-0.005855498
0.29575231273151936,-0.005967981
0.30086186605132076,-0.006077718
0.305969428,-0.006184569
0.31107491296707923,-0.006288396
0.3161782358180514,-0.006389061
0.321279314,-0.006486428
0.3263780646912273,-0.006580361
0.33147440882154194,-0.006670728
0.3365682671599258,-0.006757397
0.3416595622211822,-0.006840235
0.3467482178457659,-0.006919113
0.3518341591680584,-0.006993902
0.35691731258518844,-0.007064477
0.36199760572639533,-0.007130709
0.3670749674229299,-0.007192476
0.37214932767848974,-0.007249653
0.3772206176401839,-0.007302118
0.3822887695700227,-0.007349751
0.38735371681692793,-0.007392432
0.39241539378925805,-0.007430043
0.3974737359278443,-0.007462467
0.4025286796795316,-0.007489589
0.40758016247121953,-0.007511292
0.41262812268439786,-0.007527466
0.4176724996301709,-0.007537997
0.4227132335247653,-0.007542775
0.4277502654655159,-0.007541691
0.43278353740732317,-0.007534636
0.43781299213957703,-0.007521504
0.4428385732635411,-0.007502189
0.4478602251701911,-0.007476587
0.452877893,-0.007444593
0.45789152271417755,-0.007406107
0.46290106088881605,-0.007361027
0.467906455,-0.007309254
0.4729076527088517,-0.00725069
0.47790460306540267,-0.007185237
0.48289725528451466,-0.007112799
0.4878855593296026,-0.007033282
0.4928694657737991,-0.006946591
0.49784892578200657,-0.006852635
0.5028238910933371,-0.006751323
0.5077943140039346,-0.006642563
0.5127601473501727,-0.006526267
0.5177213444922234,-0.006402348
0.5226778592979894,-0.006270718
0.5276296461273949,-0.006131291
0.5325766598170293,-0.005983985
0.5375188556651366,-0.005828714
0.5424561894169466,-0.005665397
0.5473886172503407,-0.005493953
0.5523160957618475,-0.005314301
0.5572385819529616,-0.005126364
0.5621560332167818,-0.004930062
0.5670684073249603,-0.004725319
0.571975662,-0.004512059
0.5768777569776178,-0.004290208
0.5817746498449907,-0.004059691
0.5866663001785123,-0.003820437
0.591552667,-0.003572373
0.5964337114674696,-0.00331543
0.6013093922899237,-0.003049537
0.6061796702908109,-0.002774626
0.6110445061104501,-0.002490629
0.6159038606532361,-0.002197481
0.6207576950776799,-0.001895115
0.625605971,-0.001583466
0.6304486494181606,-0.001262472
0.635285693,-0.000932069
0.6401170631194962,-0.000592196
0.6449427225580153,-0.000242792
0.6497626336389863,0.000116202
0.6545767590413506,0.000484846
0.6593850616271292,0.000863198
0.6641875044335552,0.001251314
0.6689840506654169,0.001649251
0.673774664,0.002057064
0.6785593070178692,0.002474807
0.6833379443197573,0.002902534
0.688110539,0.003340296
0.6928770561806803,0.003788147
0.697637459,0.004246136
0.7023917112390281,0.004714314
0.7071397779860116,0.005192729
0.711881623,0.00568143
0.7166172119143582,0.006180465
0.7213465081969359,0.006689879
0.726069477,0.007209718
0.7307860828399465,0.007740029
0.7354962908298303,0.008280853
0.7402000658136793,0.008832236
0.7448973727920398,0.009394219
0.7495881768312386,0.009966844
0.7542724430588608,0.010550151396529638
0.7589501366593709,0.011144182229153374
0.7636212228698723,0.011748975460190636
0.7682856669760022,0.01236457
0.7729434343079604,0.012991002692120258
0.7775944902366677,0.013628311581514075
0.7822388001700522,0.014276532658681397
0.7868763295494596,0.014935701496774348
0.7915070438461864,0.015605852931434277
0.7961309085581315,0.016287021066777197
0.800747889,0.016979239281323753
0.8053579513330114,0.017682540233873632
0.8099610604962438,0.018396956
0.8145571822693884,0.019122517
0.8191462822371348,0.019859255433531554
0.8237283259930515,0.020607199734163195
0.8283032791370032,0.021366379472694704
0.8328711072726686,0.022136823109849605
0.8374317760051553,0.022918558426195577
0.8419852509387107,0.023711612527575098
0.8465314976745261,0.024516012
0.8510704818086321,0.025331782
0.8556021689298838,0.026158949
0.8601265246180326,0.026997535584396475
0.8646435144418836,0.027847566956425984
0.8691531039575366,0.028709066
0.8736552587067088,0.029582055
0.8781499442151361,0.030466555848568257
0.8826371259910538,0.03136259
0.8871167695237522,0.032270178173024404
0.8915888402822069,0.03318934
0.8960533037137823,0.034120096
0.9005101252430053,0.035062463031669225
0.9049592702704087,0.036016460848127554
0.9094007041714424,0.036982107
0.9138343922954507,0.037959417
0.9182602999647147,0.038948409
0.9226783924735569,0.039949099
0.9270886350875085,0.0409615
0.9314909930425365,0.041985629
0.9358854315443295,0.043021499
0.9402719157676415,0.044069123454479484
0.9446504108556912,0.045128516
0.949020882,0.046199688162727105
0.9533832940379839,0.047282652
0.9577376122563448,0.04837742
0.9620838015868508,0.049484001533107204
0.966421827,0.050602407
0.9707516534639115,0.051732646716176466
0.9750732458649526,0.052874729
0.9793865690866725,0.054028663
0.9836915879700856,0.055194457
0.987988267,0.056372117598747405
0.9922765719123389,0.057561652553976356
0.9965564664793477,0.058763068
1.0008279157243833,0.05997637
1.0050908843145876,0.061201564920019505
1.0093453368824623,0.062438656
1.013591238026005,0.06368765
1.017828552308882,0.064948548
1.022057244260637,0.066221356
1.0262772783769374,0.067506076
1.030488619119851,0.06880271
1.0346912309181604,0.070111261
1.0388850781677077,0.071431729
1.0430701252317716,0.072764117
1.0472463364414766,0.074108425
1.0514136760962312,0.075464652
1.0555721084641967,0.076832799
1.0597215977827845,0.078212864
1.0638621082591815,0.079604846
1.0679936040709026,0.081008744
1.0721160493663708,0.082424555
1.076229408265523,0.083852276
1.080333645,0.085291905
1.0844287232160024,0.086743438
1.0885146073705712,0.088206871
1.092591261,0.089682199
1.0966586491018109,0.091169417
1.1007167346290436,0.092668521
1.1047654818579242,0.094179504
1.1088048547052065,0.09570236
1.1128348170656734,0.097237082
1.1168553328129684,0.098783664
1.120866365800446,0.10034209755676622
1.1248678798620415,0.10191237528501601
1.1288598388131592,0.10349448867505817
1.1328422064515782,0.10508842897818496
1.136814946558376,0.10669418703179387
1.140778022898868,0.10831175326186783
1.1447313992235653,0.10994111768542845
1.1486750392691465,0.11158226991296279
1.1526089067594467,0.11323519915082383
1.1565329654064604,0.1148998942036054
1.1604471789113595,0.11657634347649141
1.1643515109655258,0.11826453497758044
1.1682459252515975,0.11996445632018539
1.1721303854445282,0.12167609472510908
1.176004855,0.12339943702289591
1.179869298218809,0.12513446965605998
1.1837236781213625,0.12688117868129012
1.187567958575389,0.12863954977163206
1.1914021032337603,0.13040956821864833
1.1952260757482818,0.13219121893455588
1.199039839770838,0.13398448645434208
1.2028433589545453,0.13578935493785943
1.2066365969549169,0.1376058081718991
1.2104195174310362,0.1394338295722438
1.2141920840467408,0.14127340218570034
1.217954260471816,0.1431245086921122
1.2217060103831963,0.14498713140635242
1.2254472974661754,0.14686125228029684
1.2291780854156273,0.14874685290477885
1.2328983379372318,0.15064391451152484
1.2366080187487105,0.15255241797507163
1.2403070915810697,0.15447234381466568
1.2439955201798496,0.1564036721961445
1.247673268306383,0.15834638293380063
1.251340299739058,0.1603004554922283
1.2549965782745893,0.1622658689881535
1.2586420677292955,0.1642426021922473
1.2622767319403814,0.16623063353092266
1.2659005347672276,0.1682299410881158
1.269513440092685,0.17024050260705129
1.2731154118243755,0.17226229549199207
1.2767064138959963,0.17429529680997413
1.2802864102686313,0.1763394832925265
1.2838553649320663,0.17839483133737644
1.287413241906108,0.1804613170101404
1.2909600052419088,0.182538916
1.2944956190232961,0.18462760385137003
1.2980200473681036,0.18672735550553807
1.3015332544295084,0.1888381457623107
1.3050352043973712,0.1909599490516318
1.3085258614995794,0.19309273948119404
1.3120051900033949,0.19523649083803676
1.3154731542168032,0.1973911765901317
1.3189297184898676,0.19955676988795656
1.3223748472160846,0.20173324356605685
1.3258085048337422,0.20392057014459616
1.329230655827282,0.20611872183089505
1.3326412647286616,0.2083276705209589
1.3360402961187217,0.21054738780099488
1.339427714628553,0.21277784494891813
1.3428034849408663,0.21501901293584777
1.3461675717913644,0.21727086242759247
1.3495199399701145,0.21953336378612617
1.3528605543229242,0.22180648707105396
1.3561893797527165,0.22409020204106833
1.3595063812209083,0.22638447815539622
1.3628115237487883,0.22868928457523677
1.366104772418897,0.23100459016519015
1.369386092376407,0.23333036349467773
1.3726554488305043,0.23566657283935352
1.3759128070557707,0.23801318618250744
1.379158132393566,0.24037017121646026
1.3823913902534108,0.24273749534395064
1.3856125461143702,0.2451151256795144
1.3888215655264373,0.2475030290508561
1.3920184141119163,0.24990117200021328
1.3952030575668068,0.2523095207857134
1.3983754616621875,0.25472804138272365
1.401535592245599,0.25715669948519415
1.404683415242427,0.259595461
1.4078188966572855,0.2620442895832411
1.4109420025753991,0.26450315157162546
1.4140526991639841,0.26697201105372637
1.4171509526736301,0.2694508323363234
1.4202367294396803,0.27193957945270153
1.4233099958836108,0.27443821616395075
1.4263707185144094,0.2769467059602597
1.4294188639299532,0.27946501206220437
1.4324543988183849,0.2819930974220309
1.4354772899594885,0.28453092472493385
1.4384875042260634,0.2870784563903294
1.441485008585297,0.28963565457312324
1.4444697701001366,0.2922024811649743
1.4474417559306585,0.29477889779555394
1.4504009333354377,0.29736486583380006
1.4533472696729137,0.29996034638916796
1.456280732402756,0.30256530031287626
1.4592012890872277,0.3051796881991492
1.4621089073925468,0.30780347038645495
1.4650035550902465,0.31043660695874026
1.4678852000585318,0.31307905774666145
1.4707538102836364,0.3157307823288119
1.4736093538611754,0.3183917400329464
1.476451798997498,0.32106188993720175
1.479281114011035,0.323741191
1.4820972673336477,0.3264296014178378
1.4849002275119714,0.32912707991334883
1.4876899632087581,0.33183358444966277
1.4904664432042163,0.33454907287503666
1.493229636397348,0.33727350279537427
1.4959795118072845,0.3400068315754274
1.498716038574617,0.34274901633999516
1.5014391859627274,0.34550001397512126
1.5041489233591145,0.34825978112928857
1.5068452202767182,0.35102827421461236
1.509528046,0.35380544940803116
1.5121973713624624,0.356591263
1.5148531651955628,0.3593856696581581
1.5174953978824268,0.36218862590355455
1.5201240395829574,0.36500008663679284
1.5227390605903808,0.3678200068767338
1.5253404313325496,0.37064834141417324
1.5279281223732428,0.37348504481302264
1.5305021044134623,0.37633007141148794
1.5330623482927261,0.37918337532324825
1.5356088249903588,0.38204491043863276
1.5381415056267775,0.3849146304257973
1.5406603614647758,0.38779248873189986
1.5431653639108032,0.3906784385842754
1.5456564845162413,0.39357243299161015
1.5481336949786768,0.3964744247451152
1.5505969671431703,0.39938436641969954
1.5530462730035217,0.40230221037514313
1.5554815847035326,0.4052279087572691
1.557902874538264,0.408161413
1.5603101149552903,0.41110267632210984
1.5627032785559507,0.4140516487372359
1.565082338096595,0.4170082820462106
1.5674472664898271,0.41997252734265356
1.5697980368057434,0.42294433551325933
1.572134622273168,0.42592365723896963
1.5744569962808836,0.4289104429961458
1.5767651323788587,0.4319046430577413
1.5790590042794697,0.4349062074944749
1.581338586,0.43791508617600405
1.5836038511574548,0.4409312287720988
1.585854774382572,0.4439545847538163
1.5880913299082264,0.4469851033946757
1.5903134922770341,0.45002273377183416
1.5925212362012684,0.45306742476726297
1.5947145365640536,0.45611912506892494
1.5968933684205542,0.4591777831719523
1.599057706999159,0.4622433473798256
1.6012075277026616,0.4653157658055535
1.603342806109436,0.46839498637285365
1.6054635179746073,0.4714809568173344
1.607569639231219,0.4745736246876776
1.6096611459913945,0.47767293734682287
1.6117380145474947,0.4807788419731524
1.6138002213732707,0.48389128556167765
1.6158477431250124,0.4870102149252268
1.6178805566426913,0.49013557669563373
1.6198986389510996,0.49326731732492846
1.6219019672609845,0.4964053830865285
1.6238905189701762,0.49954972007643217
1.6258642716647138,0.5027002742144132
1.6278232031199633,0.5058569912452168
1.6297672913017331,0.5090198167397569
1.6316965143673838,0.5121886960963161
1.633610850666932,0.5153635745417456
1.635510278744151,0.5185443971326684
1.637394777337665,0.5217311087566832
1.639264325382039,0.5249236541335699
1.6411189020088632,0.528121978
1.6429584865478333,0.5313260241932352
1.6447830585278236,0.5345357374873593
1.6465925976779574,0.5377510617594711
1.6483870839286707,0.5409719409084089
1.650166497412771,0.5441983186724663
1.6519308184664905,0.5474301386306099
1.6536800276305352,0.5506673442037008
1.6554141056511278,0.5539098786557172
1.6571330334810446,0.5571576850949791
1.6588367922806488,0.5604107064753752
1.660525363418917,0.5636688855975913
1.6621987284744608,0.5669321651103421
1.663856869236543,0.5702004875116032
1.6654997677060883,0.5734737951498474
1.6671274060966883,0.57675203
1.6687397668356012,0.5800351347910838
1.6703368325647459,0.583323051
1.6719185861416903,0.5866157198788363
1.6734850106406347,0.5899130837831991
1.6750360893533887,0.5932150839452518
1.6765718057903425,0.5965216617017112
1.6780921436814338,0.5998327582497508
1.6795970869771073,0.6031483146482566
1.6810866198492693,0.6064682718190839
1.6825607266922367,0.6097925705483177
1.6840193921236795,0.6131211514875343
1.6854626009855587,0.6164539551550665
1.6868903383450569,0.6197909219372696
1.688302589495504,0.6231319920897913
1.689699339957297,0.626477106
1.6910805754788134,0.6298262028824735
1.692446282037319,0.6331792233918461
1.6937964458398695,0.6365361070125166
1.695131053324207,0.6398967933657151
1.696450091159649,0.6432612219496294
1.697753546247972,0.646629332
1.699041406,0.6500010631948635
1.7003136569579256,0.6533763542489339
1.7015702875532757,0.6567551443218058
1.7028112853506703,0.6601373723157951
1.7040366384272267,0.6635229770179284
1.705246335097696,0.666911897
1.7064403639153038,0.6703040711260947
1.7076187136725849,0.6736994375414539
1.7087813734022117,0.6770979346862236
1.7099283323778167,0.6804995007905449
1.7110595801148079,0.6839040739771114
1.7121751063711779,0.6873115922624845
1.7132749011483082,0.6907219935584117
1.7143589546917648,0.6941352156731468
1.7154272574920895,0.6975511963127735
1.716479800285583,0.7009698730825302
1.7175165740550837,0.7043911834881383
1.7185375700307381,0.7078150649371326
1.719542779690765,0.711241455
1.7205321947622145,0.7146702901124847
1.7215058072217195,0.7181015081749867
1.7224636092962402,0.7215350459558413
1.7234055934638035,0.7249708403916917
1.7243317524542345,0.7284088283290288
1.725242079249882,0.7318489465255381
1.726136567086337,0.735291132
1.727015209453145,0.7387353202908921
1.7278780000945122,0.7421814489432438
1.7287249330100025,0.745629454
1.7295560024552312,0.7490792718686003
1.7303712029425498,0.7525308387288511
1.731170529241724,0.7559840907792299
1.7319539763806069,0.7594389641157822
1.7327215396458022,0.7628953947579844
1.7334732145833243,0.7663533186501156
1.734208996999248,0.7698126716626308
1.7349288829603546,0.7732733895935378
1.7356328687947684,0.7767354081697748
1.736320951092588,0.7801986630485919
1.7369931267065108,0.7836630898189334
1.7376493927524486,0.7871286240028238
1.7382897466101388,0.7905952010567548
1.738914185923747,0.7940627563730758
1.7395227086024632,0.797531225
1.7401153128210913,0.8010005430499246
1.7406919970206305,0.804470645
1.7412527599088505,0.8079414659422631
1.7417976,0.8114129413083438
1.7423265179196672,0.8148850060220229
1.7428395117967337,0.8183575950657516
1.7433365818725215,0.8218306433690368
1.7438177281970322,0.8253040858098499
1.744282951,0.8287778572160388
1.7447322511431165,0.832251892
1.7451656292171491,0.8357261259937995
1.745583086445852,0.8392004927831805
1.7459846242347696,0.8426749273763935
1.7463702442620739,0.8461493643719123
1.7467399484790525,0.8496237383265994
1.7470937391105914,0.8530979837571314
1.747431619,0.8565720351414268
1.7477535898877277,0.8600458269200751
1.7480596558553247,0.8635192934977693
1.748349819882395,0.8669923692447382
1.748624085568791,0.8704649884981822
1.748882456790702,0.8739370855637104
1.7491249377010856,0.8774085947167792
1.7493515327300901,0.8808794502041334
1.7495622465854714,0.8843495862452483
1.749757084253001,0.8878189370337742
1.7499360509968669,0.8912874367389825
1.7500991523600677,0.8947550195072128
1.750246394164799,0.898221619
1.7503777825128317,0.9016871707121398
1.7504933237858835,0.9051516073399116
1.7505930246459827,0.9086148634157629
1.7506768920358242,0.912076873
1.7507449331791185,0.9155375701113183
1.750797155580933,0.9189968887967618
1.750833567028025,0.922454763
1.7508541755891687,0.9259111269204553
1.7508589896154727,0.9293659143610863
1.7508480177406918,0.9328190593766826
1.7508212688815294,0.9362704959519166
1.7507787522379343,0.9397201580674934
1.7507204772933873,0.9431679797016205
1.7506464538151827,0.9466138948314777
1.7505566918547006,0.9500578374346894
1.7504512017476723,0.953499741
1.7503299941144372,0.956939541
1.7501930798601928,0.9603771698982972
1.7500404701752368,0.9638125622316326
1.7498721765352012,0.9672456519847032
1.7496882107012792,0.9706763731687738
1.7494885847204433,0.9741046598058886
1.7492733109256573,0.9775304459303534
1.749042401936079,0.9809536655902177
1.7487958706572562,0.9843742528487571
1.7485337302813142,0.9877921417859584
1.748255994287136,0.991207267
1.7479626764405347,0.9946195611087583
1.7476537907944174,0.9980289597512544
1.747329351688942,1.0014353965891822
1.746989373751667,1.0048388058083773
1.7466338718976908,1.0082391216203095
1.7462628613297857,1.0116362782635737
1.7458763575385234,1.0150302100053812
1.7454743763023923,1.0184208511430506
1.7450569336879067,1.0218081360055007
1.7446240460497087,1.0251919989547436
1.7441757300306622,1.0285723743873774
1.7437120025619386,1.0319491967360819
1.743232880863095,1.0353224004711121
1.7427383824421443,1.0386919201017943
1.7422285250956175,1.0420576901780212
1.7417033269086177,1.0454196452917488
1.7411628062548672,1.0487777200784927
1.740606981796745,1.0521318492188252
1.740035872485318,1.0554819674398725
1.7394494975603638,1.058828009516813
1.7388478765503848,1.0621699102743745
1.7382310292726149,1.065507604588333
1.7375989758330188,1.068841027387011
1.7369517366262825,1.0721701136527766
1.7362893323357962,1.0754947984235415
1.7356117839336285,1.0788150167942603
1.7349191126804946,1.082130704
1.734211340125714,1.0854417950095883
1.7334884881071622,1.088748225342813
1.732750578751213,1.0920499302562212
1.731997634472674,1.0953468451524682
1.731229677974713,1.0986389055002463
1.7304467322487775,1.1019260468357837
1.7296488205745058,1.1052082047643426
1.7288359665196287,1.1084853149617186
1.728008193939866,1.1117573131757383
1.7271655269788122,1.115024135227757
1.7263079900678164,1.1182857170141565
1.7254356079258526,1.1215419945078426
1.7245484055593825,1.124792903759742
1.723646408262211,1.1280383809002978
1.7227296416153322,1.1312783621409672
1.721798131486769,1.1345127837757154
1.7208519040314036,1.1377415821825114
1.7198909856908005,1.1409646938248228
1.7189154031930205,1.1441820552531086
1.7179251835524285,1.1473936031063132
1.7169203540694915,1.1505992741133588
1.7159009423305698,1.1537990050946372
1.714866976207699,1.1569927329635006
1.7138184838583652,1.1601803947277523
1.712755493725272,1.163361927491136
1.711678034536098,1.1665372684548245
1.710586135303248,1.1697063549189073
1.709479825323596,1.1728691242838774
1.7083591341782192,1.1760255140521174
1.7072240917321244,1.179175461829384
1.7060747281339672,1.1823189053262915
1.7049110738157618,1.1854557823597953
1.703733159492584,1.188586030854673
1.7025410161622654,1.1917095888450047
1.7013346751050802,1.1948263944756523
1.7001141678834235,1.1979363860037375
1.6988795263414818,1.2010395018001188
1.6976307826048955,1.2041356803508658
1.6963679690804137,1.207224860258735
1.695091118,1.210306980244641
1.6938002636981717,1.2133819791491276
1.6924954380562307,1.2164497959338392
1.691176675057285,1.2195103696829872
1.6898440085081643,1.2225636396048178
1.688497472494566,1.2256095450330766
1.6871371013806546,1.2286480254284724
1.6857629298086516,1.2316790203801387
1.6843749926984193,1.2347024696070943
1.6829733252470347,1.2377183129597016
1.681557962928357,1.2407264904211228
1.6801289414925868,1.2437269421087753
1.6786862969658165,1.246719608275784
1.6772300656495738,1.249704429312433
1.6757602841203572,1.2526813457476147
1.674276989229163,1.2556502982502762
1.672780218101005,1.2586112276308656
1.6712700081344258,1.2615640748427743
1.6697463970010011,1.264508780983778
1.6682094226448347,1.2674452872974764
1.666659123282047,1.270373535174729
1.6650955374002547,1.273293466
1.663518703758044,1.276205021928241
1.6619286613844335,1.2791081443354202
1.6603254495783326,1.2820027753708507
1.6587091079079888,1.2848888571831658
1.6570796762104292,1.2877663320768313
1.655437194590894,1.2906351425135667
1.6537817034222613,1.293495231113763
1.6521132433444654,1.296346540657898
1.6504318552639061,1.2991890140879494
1.648737580352851,1.3020225945088049
1.64703046,1.3048472251896703
1.6453105360540212,1.3076628495654745
1.643577850334631,1.310469411238271
1.6418324451202642,1.313266853978639
1.640074362903288,1.3160551217270784
1.6383036464381877,1.318834158595405
1.6365203387409148,1.3216039088681415
1.6347244830882275,1.3243643170039046
1.6329161230170233,1.3271153276367915
1.6310953023236647,1.3298568855777615
1.629262065063296,1.332588935816015
1.627416455549154,1.3353114235203705
1.6255585183518697,1.3380242940406364
1.6236882982987635,1.340727492908982
1.6218058404731321,1.3434209658413039
1.6199111902135284,1.346104658738589
1.6180043931130335,1.3487785176882752
1.616085495018521,1.3514424889656083
1.6141545420299148,1.3540965190349954
1.6122115804994377,1.3567405545513556
1.6102566570308539,1.359374542361466
1.6082898184787042,1.361998429505306
1.6063111119475324,1.3646121632173966
1.6043205847911053,1.3672156909281366
1.602318284611625,1.3698089602651355
1.600304259258934,1.3723919190545435
1.5982785568297126,1.3749645153223755
1.5962412256666694,1.3775266972958342
1.5941923143577232,1.3800784134046276
1.5921318717351798,1.3826196122822836
1.5900599468748993,1.385150243
1.5879765890954571,1.3876702539052523
1.5858818479572983,1.3901795949484956
1.5837757732618825,1.392678215359064
1.5816584150508244,1.395166064809165
1.5795298236050253,1.3976430931826316
1.5773900494437971,1.4001092505762078
1.575239143323981,1.4025644873008332
1.5730771562390566,1.405008754
1.5709041394182461,1.4074420010656292
1.5687201443256096,1.4098641798101403
1.5665252226591349,1.4122752412969175
1.5643194263498184,1.4146751369269723
1.5621028075607406,1.4170638183231206
1.559875418686134,1.4194412373312362
1.5576373123504432,1.4218073460215006
1.5553885414073791,1.4241620966896464
1.5531291589389655,1.4265054418581988
1.5508592182545788,1.428837334
1.5485787728899811,1.4311577269279918
1.5462878766063464,1.433466573019341
1.5439865833892787,1.4357638259937624
1.5416749474478253,1.4380494395261858
1.539353023213481,1.4403233675256788
1.537020865339188,1.4425855641366552
1.5346785286983258,1.444835983740078
1.5323260683836977,1.4470745809546584
1.5299635397065086,1.4493013106380492
1.529077371874522,1.450127516381277
1.5281459915544764,1.4509854921807859
1.5271691768384115,1.4518745813558627
1.526146722298643,1.452794123385599
1.525078439022771,1.4537434543875585
1.5239641546322793,1.454721907595112
1.5228037132848817,1.4557288138328068
1.521596975660801,1.456763501989136
1.5203438189331915,1.4578252994861023
1.5190441367229421,1.4589135327449696
1.5176978390381222,1.4600275276476231
1.5163048521983542,1.4611666099929692
1.514865118744426,1.4623301059478253
1.5133785973334677,1.4635173424917698
1.5118452626200474,1.4647276478554394
1.510265105123555,1.4659603519517852
1.508638131082261,1.4672147867998142
1.5069643622944575,1.4684902869403718
1.505243835947099,1.4697861898435365
1.5034766044323802,1.4711018363072266
1.5016627351526979,1.4724365708466356
1.4998023103144562,1.473789742074144
1.4978954267111848,1.475160703069373
1.4959421954964498,1.4765488117390724
1.4939427419470437,1.4779534311665596
1.4918972052169484,1.4793739299504496
1.4898057380825684,1.4808096825324397
1.4876685066797395,1.4822600695139405
1.4854856902330145,1.4837244779613636
1.4832574807777374,1.4852023016999043
1.480984082875411,1.4866929415956787
1.4786657133228647,1.4881958058261007
1.476302600855729,1.4897103101384033
1.4738949858467187,1.4912358780962354
1.471443119999222,1.4927719413142835
1.4689472660366902,1.4943179396808923
1.466407697388317,1.4958733215686761
1.4638246978714864,1.497437544033137
1.4611985613714635,1.4990100729993208
1.4585295915187968,1.5005903834365661
1.4558181013648837,1.5021779595214142
1.4530644130561505,1.5037722947887704
1.450268857507281,1.5053728922714218
1.4474317740739202,1.5069792646280322
1.444553510225267,1.5085909342597512
1.4416344212169583,1.5102074334155893
1.4386748697646357,1.5118283042867222
1.4356752257185692,1.5134530990899049
1.432635865739704,1.5150813801401837
1.4295571729774803,1.5167127199131076
1.4264395367497626,1.5183467010966523
1.4232833522252026,1.519982916633076
1.420089020108342,1.5216209697509417
1.4168569463277538,1.5232604739875395
1.4135875417274981,1.524901053201959
1.4102812217621625,1.5265423415790627
1.4069384061957355,1.5281839836246196
1.4035595188045524,1.5298256341518615
1.4001449870845373,1.531466958259731
1.3966952419629475,1.5331076313030934
1.3932107175148187,1.5347473388551867
1.3896918506842906,1.5363857766625852
1.3861390810109793,1.538022651
1.382552850361554,1.5396576765759102
1.3789336026666554,1.5412905805371528
1.3752817836632847,1.5429210983263446
1.3715978406427802,1.544548975638822
1.3678822222044815,1.546173967931534
1.364135378015174,1.5477958403334477
1.3603577585743911,1.5494143675507008
1.3565498149856436,1.551029333766775
1.3527119987336296,1.5526405325379604
1.348844761467473,1.5542477666843764
1.3449485547900262,1.5558508481768145
1.3410238300532582,1.5574495980196614
1.3370710381597495,1.559043846130158
1.3330906293702949,1.5606334312142434
1.3290830531176148,1.5622182006392336
1.3250487578261627,1.5637980103035707
1.3209881907380105,1.5653727245038833
1.3169017977447843,1.566942215799585
1.312790023225616,1.5685063648752355
1.3086533098910709,1.5700650604008877
1.3044920986330033,1.5716181988906268
1.3003068283802857,1.5731656845595148
1.2960979359603515,1.574707429179137
1.2918658559664888,1.5762433519319485
1.2876110206308116,1.5777733792646074
1.2833338597028354,1.579297444740476
1.2790348003335785,1.5808154888914696
1.274714266965104,1.5823274590694194
1.2703726812254157,1.5838333092971137
1.2660104618286192,1.5853330001191759
1.2616280244802511,1.5868264984529277
1.2572257817876837,1.5883137774393856
1.2528041431755033,1.5897948162945257
1.2483635148057617,1.5912696001609508
1.2439042995029994,1.592738119960087
1.239426896683932,1.594200372245029
1.234931702291697,1.5956563590541488
1.2304191087345515,1.5971060877655765
1.2258895048289127,1.5985495709526572
1.2213432757466314,1.5999868262404797
1.216780802966389,1.6014178761635718
1.2122024642291083,1.6028427480248448
1.2076086334972667,1.6042614737558736
1.2029996809180006,1.605674089778584
1.1983759727898937,1.6070806368684225
1.1937378715333355,1.6084811600190723
1.1890857356643436,1.6098757083087785
1.1844199197717393,1.6112643347683404
1.1797407744975692,1.6126470962508224
1.1750486465206649,1.614024053303032
1.1703438785432358,1.615395270038811
1.165626809280389,1.6167608140141783
1.1608977734524728,1.618120756104361
1.1561571017801417,1.6194751703827472
1.1514051209820413,1.6208241340017902
1.1466421537750127,1.6221677270758856
1.1418685188767215,1.623506033
1.1370845310106104,1.6248391361678143
1.1322905009130844,1.6261671261981512
1.1274867353428333,1.627490093488448
1.1226735370922016,1.6288081312765357
1.117851205000515,1.6301213351019816
1.1130200339692768,1.6314298027032506
1.1081803149791487,1.6327336339169358
1.1033323351086304,1.6340329305790622
1.0984763775543582,1.6353277964284572
1.0936127216529417,1.6366183370121858
1.088741642904259,1.6379046595930455
1.0838634129961375,1.639186873059109
1.0789782998303437,1.640465087835309
1.0740865675498088,1.6417394157970508
1.0691884765670245,1.6430099701858405
1.064284283593535,1.6442768655269135
1.0593742416704632,1.6455402175488492
1.0544586002000038,1.6468001431051518
1.049537604977823,1.648056760097781
1.0446114982263022,1.6493101874026117
1.0396805186285694,1.650560544796803
1.034744901363258,1.6518079528880534
1.0298048781399411,1.653052533045721
1.024860677235188,1.654294407333786
1.0199125235291882,1.6555336984456277
1.0149606385428966,1.656770529640597
1.010005240475652,1.6580050246823543
1.005046544,1.6592373077789484
1.0000847615162167,1.6604675035246113
0.9951201007588747,1.6616957368432397
0.9901527672681018,1.6629221329335386
0.9851829632128005,1.664146817215797
0.9802108876734059,1.6653699152802695
0.9752367366816066,1.6665915528371356
0.9702607032602135,1.667811855668008
0.9652829774631427,1.6690309495789613
0.9603037464154806,1.6702489603550543
0.955323194,1.6714660137163149
0.9503415026652933,1.6726822352751611
0.9453588499299121,1.6738977504952293
0.9403754119584549,1.6751126846515794
0.9353913618336085,1.6763271627922518
0.9304068699497018,1.6775413097011445
0.9254221040525514,1.6787552498621843
0.9204372292791789,1.6799691074247636
0.9154524081973778,1.681183006170414
0.9104678008451096,1.6823970694806905
0.9054835647697109,1.6836114203062373
0.9004998550668937,1.6848261811370098
0.8955168244195202,1.6860414739736238
0.8905346231361392,1.6872574202998072
0.8855533991892661,1.6884741410559252
0.8805732982533937,1.6896917566135568
0.8755944637427207,1.6909103867510926
0.8706170368485842,1.692130150630331
0.8656411565765861,1.6933511667740468
0.8606669597834015,1.6945735530445085
0.855694581,1.6957974266229168
0.8507241535340793,1.6970229039897449
0.8457558073732808,1.6982501009059525
0.8407896713532124,1.6994791323950524
0.8358258721262376,1.7007101127260067
0.830864534,1.7019431553969289
0.8259057810189889,1.703178373119571
0.820949733,1.7044158778045733
0.8159965091803442,1.7056557805474533
0.8110462271634385,1.7068981916153176
0.8060990024013965,1.7081432204342715
0.801154949,1.7093909755775074
0.7962141781908959,1.7106415647540536
0.7912768012908272,1.7118950947981622
0.7863429268051584,1.7131516716593174
0.7814126619224667,1.7144114003928468
0.7764861122521338,1.7156743851511156
0.7715633818542916,1.7169407291752865
0.7666445732693559,1.7182105347876284
0.7617297875471475,1.7194839033843554
0.7568191242756014,1.720760935428981
0.751912682,1.7220417304461693
0.7470105562961725,1.7233263870160684
0.7421128437073381,1.7246150027691105
0.7372196378617983,1.7259076743812618
0.7323310314542761,1.7272044975697094
0.727447116,1.7285055670889686
0.7225679812666642,1.729810976727398
0.7176937164876235,1.7311208193041072
0.7128244091991667,1.732435186666245
0.7079601458590294,1.7337541696866536
0.7031010117518538,1.7350778582618753
0.6982470910130283,1.7364063413105024
0.6933984666521361,1.737739706771854
0.6885552205760133,1.7390780416049705
0.6837174336114206,1.740421431787913
0.6788851855273319,1.7417699623173568
0.6740585550568426,1.7431237172084681
0.6692376199187006,1.7444827794950521
0.6644224568384636,1.7458472312299635
0.6596131415692877,1.747217153485769
0.6548097489123486,1.7485926263556506
0.6500123527368994,1.7499737289545418
0.6452210259999716,1.751360539420487
0.6404358407657186,1.7527531349162133
0.6356568682244097,1.7541515916309096
0.6308841787110757,1.755555985
0.6261178417238115,1.756966388618307
0.6213579259417388,1.758382876420393
0.6166044992426345,1.759805520505077
0.6118576287202268,1.7612343922271134
0.6071173807011643,1.7626695619822288
0.6023838207616625,1.7641110992101097
0.597657014,1.7655590723975334
0.5929370237716856,1.7670135490816348
0.5882239142668506,1.7684745958533032
0.583517748,1.7699422783607046
0.5788185869257203,1.7714166613129187
0.574126493,1.7728978084836904
0.569441526,1.7743857827152856
0.5647637462563352,1.7758806459224479
0.5600932139776138,1.7773824590964504
0.5554299877062514,1.7788912823092373
0.5507741257741036,1.7804071747176504
0.5461256859386592,1.7819301945677355
0.5414847253958646,1.7834603991991234
0.5368513007926825,1.7849978450494826
0.5322254682393901,1.7865425876590377
0.5276072833216195,1.7880946816751504
0.522996801,1.7896541808569573
0.5183940761824258,1.7912211380800624
0.5137991626138906,1.7927956053412801
0.5092121140089989,1.794377633763424
0.5046329835020512,1.7959672736001386
0.5000618237697709,1.7975645742407709
0.4954986870416561,1.7991695842152775
0.49094362511010475,1.8007823511991654
0.48639668934031793,1.8024029220184619
0.48185793067998467,1.8040313426547114
0.47732739966875143,1.8056676582499978
0.47280514644748084,1.807311913111985
0.46829122076730234,1.8089641507189795
0.4637856719984589,1.8106244137250067
0.4592885491389529,1.8122927439649015
0.45479990082299515,1.8139691824594109
0.45031977532925976,1.8156537694203045
0.4458482205889488,1.8173465442554926
0.44138528419366996,1.8190475455741486
0.4369310134031305,1.8207568111918344
0.43248545515265047,1.8224743781356267
0.42804865606049886,1.8242002826492423
0.4236206624350556,1.8259345601981598
0.41920152028180235,1.8276772454747385
0.41479127531014587,1.8294283724033296
0.4103899729400759,1.8311879741453805
0.40599765830866175,1.8329560831045302
0.4016143762763895,1.8347327309316934
0.3972401714333437,1.8365179485301337
0.39287508810523547,1.838311766060523
0.38851917035928063,1.8401142129459866
0.3841724620099302,1.8419253178771327
0.37983500662445624,1.843745108817065
0.3755068475283954,1.8455736130063793
0.37118802781085364,1.8474108569681382
0.3668785903296734,1.8492568665128284
0.36257857771646734,1.8511116667432972
0.358288032,1.8529752820596666
0.3540069965185605,1.854847736164226
0.3497355121094084,1.856729052066301
0.3454736209284958,1.8586192520870988
0.34122136454726704,1.860518358
0.33697878433845896,1.862426390358003
0.3327459214802644,1.8643433698531955
0.3285228169603802,1.8662693159667971
0.3243095115799431,1.8682042476512268
0.3201060459573545,1.8701481831993223
0.3159124605319973,1.8721011402490018
0.3117287955678465,1.874063135787897
0.30755509115697544,1.8760341861579586
0.3033913872229602,1.8780143070600315
0.29923772352418376,1.8800035135584015
0.2950941396570421,1.882001820085311
0.29096067505905426,1.8840092404454472
0.2868373690118781,1.886025787820397
0.2827242606442337,1.8880514747730737
0.27862138893473626,1.8900863132521117
0.2745287927146403,1.8921303145962314
0.2704465106704972,1.8941834895385714
0.2663745813467269,1.8962458482109914
0.2623130431481073,1.8983174001483425
0.25826193434218064,1.9003981542927058
0.25422129306158064,1.9024881189976004
0.25019115730628105,1.9045873020321595
0.24617156494576703,1.9066957105852744
0.24216255372113155,1.9088133512697072
0.2381641612470979,1.9109402301261713
0.234176425,1.913076352627381
0.23019938238951193,1.9152217236820683
0.22623307062075812,1.917376347638969
0.22227752683575588,1.9195402282907756
0.21833278804524128,1.9217133688780617
0.21439889114424993,1.9238957720931704
0.2104758729136642,1.9260874400840753
0.20656377002169798,1.9282883744582073
0.20266261902532023,1.9304985762862523
0.19877245637161886,1.9327180461059155
0.194893318,1.934946783925656
0.19102524133896598,1.9371847892283909
0.18716826131624706,1.939432060975167
0.1833224143509984,1.941688597608803
0.1794877363593532,1.943954397057501
0.17566426315455902,1.9462294567384277
0.17185203044795697,1.9485137735612643
0.16805107384991017,1.9508073439317284
0.16426142887068296,1.9531101637550647
0.1604831309212719,1.955422228439506
0.15671621531418942,1.9577435328997053
0.15296071726420138,1.9600740715601388
0.14921667188901924,1.962413838358479
0.1454841142099481,1.964762827
0.14176307915249142,1.9671210297055932
0.13805360154691335,1.969488439725655
0.13435571612875963,1.971865048832747
0.13066945753933806,1.9742508485801271
0.12699486032615923,1.976645830053894
0.12333195894333851,1.9790499838761626
0.11968078775196017,1.9814633002082143
0.11604138102040437,1.9838857687536182
0.11241377292463789,1.9863173787613275
0.10879799754846944,1.9887581190287476
0.10519408888377037,1.9912079779047787
0.10160208083066129,1.9936669432928333
0.098022007,1.996135002653826
0.094453902,1.9986121430091395
0.090897798,2.001098350943564
0.08735373,2.003593612608212
0.08382173,2.0060979137234103
0.080301832,2.008611239581564
0.07679407,2.0111335750499983
0.073298476,2.013664904573777
0.069815084,2.0162052121784955
0.066343927,2.018754481473051
0.062885037,2.0213126956523912
0.059438446721439546,2.0238798375002367
0.056004189927226056,2.0264558893917837
0.052582299,2.0290408332963827
0.049172806,2.0316346507801963
0.045775743,2.0342373230088335
0.042391144,2.036848830749964
0.039019039,2.0394691543759094
0.035659462099800844,2.0420982738662157
0.032312444,2.0447361688102026
0.028978017925498735,2.047382818409493
0.025656215,2.0500382014805227
0.022347066445083667,2.052702296
0.019050604839838357,2.0553750813925245
0.015766861466074353,2.0580565339627372
0.012495867809310744,2.060746631468052
0.009237655,2.0634453508359156
0.005992255,2.0661526686232317
0.002759699,2.0688685610187343
-0.000459983,2.0715930038453445
-0.00366676,2.074325972562507
-0.006860599,2.077067442268512
-0.010041471,2.079817387702796
-0.013209346,2.082575783248228
-0.016364191,2.0853426029333777
-0.019505978,2.0881178204347663
-0.022634674,2.0909014090791014
-0.025750252,2.0936933418454955
-0.028852679,2.0964935913676683
-0.031941926,2.099302129936133
-0.035017962,2.1021189295003677
-0.03808076,2.104943961670969
-0.041130287,2.1077771977217945
-0.044166515,2.110618608592086
-0.047189414,2.113468164888581
-0.050198955,2.1163258368876092
-0.053195108,2.119191594537172
-0.056177845,2.1220654074590137
-0.059147136,2.1249472449506714
-0.062102951,2.1278370759875185
-0.065045263,2.1307348692247885
-0.067974043,2.1336405929995914
-0.070889261,2.1365542153329122
-0.073790889,2.139475704
-0.0766789,2.1424050261903425
-0.079553264,2.1453421491936284
-0.082413953,2.1482870397176996
-0.08526094,2.1512396642324894
-0.088094196,2.154199988903548
-0.090913693,2.157167979593961
-0.093719405,2.1601436018662503
-0.096511303,2.1631268209842687
-0.099289359,2.166117601915082
-0.102053548,2.169115909330839
-0.10480384,2.1721217076106334
-0.10754021,2.1751349608423527
-0.11026263,2.178155632824519
-0.112971073,2.181183687068118
-0.115665514,2.1842190867984197
-0.118345924,2.1872617949567887
-0.121012278,2.1903117742024842
-0.12366455,2.1933689869144524
-0.126302713,2.196433395193108
-0.128926742,2.1995049608621073
-0.131536609,2.202583645470114
-0.13413229,2.205669410292553
-0.13671376,2.2087622163333602
-0.139280991,2.211862024326718
-0.14183396,2.2149687947387893
-0.144372641,2.2180824877694385
-0.146897008,2.221203063353947
-0.149407038,2.224330481
-0.151902704,2.2274647006129866
-0.154383983,2.2306056808504913
-0.15685085,2.233753381
-0.15930328,2.2369077590128765
-0.16174125,2.240068773958955
-0.164164735,2.2432363837400033
-0.166573711,2.2464105462354804
-0.168968155,2.249591219075367
-0.171348043,2.2527783596418103
-0.173713351,2.2559719250707633
-0.176064057,2.259171872253616
-0.178400136,2.2623781578388202
-0.180721567,2.2655907382335134
-0.183028326,2.2688095696051294
-0.18532039,2.2720346078830103
-0.187597737,2.2752658087600084
-0.189860344,2.278503127694085
-0.19210819,2.281746519909903
-0.194341251,2.284995940400416
-0.196559507,2.2882513439284495
-0.198762936,2.2915126850282794
-0.200951516,2.294779918007207
-0.203125225,2.2980529969471246
-0.205284042,2.3013318757060826
-0.207427946,2.3046165079198477
-0.209556917,2.3079068470034585
-0.211670933,2.311202846152777
-0.213769974,2.314504458346036
-0.21585402,2.317811636345383
-0.21792305,2.3211243326984166
-0.219977044,2.3244424997397264
-0.222015982,2.327766089592422
-0.224039845,2.3310950541696616
-0.226048612,2.3344293451761784
-0.228042265,2.3377689141098013
-0.230020785,2.3411137122629726
-0.231984152,2.3444636907242646
-0.233932347,2.3478188003798897
-0.235865353,2.3511789919152113
-0.237783149,2.3545442158162486
-0.239685719,2.3579144223711808
-0.241573043,2.3612895616718466
-0.243445105,2.364669583615244
-0.245301885,2.3680544379050232
-0.247143368,2.371444074052982
-0.248969534,2.374838441380554
-0.250780368,2.3782374890202984
-0.252575852,2.3816411659173857
-0.254355968,2.3850494208310806
-0.256120702,2.3884622023362247
-0.257870035,2.3918794588247154
-0.259603953,2.395301138506984
-0.261322438,2.398727189413472
-0.263025476,2.4021575593961044
-0.264713049,2.4055921961297626
-0.266385144,2.4090310471137544
-0.268041743,2.4124740596732845
-0.269682834,2.4159211809609213
-0.2713084,2.4193723579580624
-0.272918427,2.4228275374763997
-0.2745129,2.4262866661593843
-0.276091806,2.429749690483686
-0.277655129,2.433216556760657
-0.279202857,2.4366872111377895
-0.280734976,2.4401615996001755
-0.282251471,2.4436396679719645
-0.28375233,2.4471213619178194
-0.28523754,2.450606626944374
-0.286707088,2.454095408401685
-0.288160961,2.4575876514846895
-0.289599147,2.461083301234656
-0.291021634,2.464582302540637
-0.292428409,2.4680846001409233
-0.293819461,2.4715901386244923
-0.295194778,2.475098862
-0.296554349,2.4786107158595327
-0.297898163,2.482125643055454
-0.299226208,2.485643588026457
-0.300538475,2.4891644946367104
-0.301834952,2.492688307
-0.303115629,2.4962149675300243
-0.304380496,2.4997444208441446
-0.305629544,2.503276609862532
-0.306862762,2.506811477760765
-0.308080142,2.510348967581047
-0.309281674,2.513889022233654
-0.310467349,2.517431584498381
-0.311637158,2.520976597025991
-0.312791093,2.5245240023396605
-0.313929145,2.528073742836428
-0.315051307,2.5316257607886405
-0.316157571,2.5351799983454018
-0.317247928,2.538736397534019
-0.318322372,2.5422949002614526
-0.319380896,2.5458554483157605
-0.320423492,2.549417983
-0.321450154,2.5529824469714244
-0.322460875,2.5565487805674314
-0.32345565,2.5601169254825127
-0.324434471,2.5636868229319534
-0.325397334,2.567258414020831
-0.326344233,2.5708316397454665
-0.327275162,2.5744064409948724
-0.328190116,2.5779827585522064
-0.329089092,2.5815605330962215
-0.329972083,2.5851397052027165
-0.330839086,2.588720215
-0.331690096,2.5923020039002913
-0.33252511,2.5958850111412755
-0.333344124,2.5994691772474554
-0.334147135,2.603054442301657
-0.334934139,2.606640746292473
-0.335705133,2.610228029115721
-0.336460116,2.613816230575895
-0.337199084,2.617405290387626
-0.337922035,2.6209951481771374
-0.338628967,2.6245857434837028
-0.339319879,2.628177015761105
-0.339994769,2.6317689043790944
-0.340653636,2.6353613486248504
-0.34129648,2.6389542877044403
-0.341923298,2.6425476607442815
-0.342534091,2.646141406792602
-0.343128859,2.6497354648209046
-0.343707601,2.6533297737254298
-0.344270318,2.656924272328619
-0.344817011,2.660518899
-0.34534768,2.6641135935605527
-0.345862326,2.6677082934783747
-0.346360951,2.6713029376759487
-0.346843555,2.674897465
-0.347310142,2.6784918127470942
-0.347760713,2.682085920378009
-0.348195269,2.6856797258063017
-0.348613815,2.6892731672562302
-0.349016352,2.6928661828929354
-0.349402884,2.6964587108239138
-0.349773414,2.700050689100489
-0.350127945,2.7036420557192877
-0.350466482,2.7072327486237113
-0.350789028,2.710822705705414
-0.351095588,2.714411864805778
-0.351386166,2.718000163717389
-0.351660768,2.721587540185516
-0.351919398,2.7251739319095885
-0.352162063,2.7287592765446753
-0.352388766,2.732343511702965
-0.352599515,2.7359265749552466
-0.352794316,2.7395084038323905
-0.352973175,2.743088936
-0.353136098,2.7466681083940454
-0.353283093,2.7502458589540466
-0.353414167,2.7538221248928574
-0.353529328,2.7573968435640004
-0.353628583,2.7609699522899827
-0.353711939,2.764541388363782
-0.353779407,2.768111089050334
-0.353830993,2.7716789915880193
-0.353866707,2.7752450331901524
-0.353886558,2.778809151
-0.353890556,2.7823712823246205
-0.353878709,2.785931364171655
-0.353851028,2.789489333715518
-0.353807523,2.7930451280665367
-0.353748204,2.796598684318916
-0.353673083,2.80014994
-0.353582169,2.803698830832914
-0.353475474,2.8072452952157585
-0.35335301,2.810789269745405
-0.353214789,2.814330691457839
-0.353060822,2.8178694973818863
-0.352891122,2.821405624540708
-0.352705701,2.824939009953297
-0.352504572,2.828469590635975
-0.352287748,2.8319973036038886
-0.352055244,2.8355220858725083
-0.351807071,2.8390438744591253
-0.351543245,2.8425626063843503
-0.351263779,2.8460782186736124
-0.350968688,2.849590648358658
-0.350657986,2.853099832
-0.35033169,2.856605708083668
-0.349989813,2.8601082122322086
-0.349632372,2.8636072819966847
-0.349259382,2.867102854462927
-0.348870859,2.8705948667320857
-0.34846682,2.874083255922129
-0.348047282,2.877567959169347
-0.347612261,2.881048913629852
-0.347161774,2.8845260564810804
-0.34669584,2.8879993249232943
-0.346214475,2.8914686561810843
-0.345717698,2.8949339875048703
-0.345205527,2.8983952561724045
-0.344677981,2.901852399490273
-0.344135079,2.9053053547953995
-0.343576838,2.9087540594565446
-0.34300328,2.912198450875811
-0.342414424,2.9156384664901442
-0.341810289,2.919074043772835
-0.341190896,2.9225051202350207
-0.340556265,2.9259316334271888
-0.339906417,2.9293535209406776
-0.339241373,2.9327707204091773
-0.338561155,2.936183169510233
-0.337865784,2.9395908059667457
-0.337155281,2.9429935675484713
-0.33642967,2.946391392073524
-0.335688972,2.9497842174098756
-0.33493321,2.9531719814768556
-0.334162407,2.956554622246651
-0.333376586,2.9599320777458074
-0.332575771,2.963304286056725
-0.331759986,2.966671185
-0.330929254,2.9700327137317215
-0.330083601,2.9733888095533705
-0.32922305,2.9767394111049152
-0.328347626,2.980084457
-0.327457356,2.983423885
-0.326552263,2.9867576343061675
-0.325632374,2.990085643274726
-0.324697715,2.993407850557316
-0.323748312,2.996724194877248
-0.322784191,3.000034615030146
-0.32180538,3.003339049885437
-0.320811905,3.006637438387848
-0.319803794,3.0099297195588908
-0.318781075,3.013215832498356
-0.317743775,3.016495716
-0.316691923,3.0197693104820345
-0.315625546,3.023036554130613
-0.314544675,3.026297386759316
-0.313449337,3.029551748
-0.312339562,3.0327995770982774
-0.311215379,3.0360408140986035
-0.310076819,3.039275398662156
-0.308923911,3.0425032706601187
-0.307756686,3.0457243700567997
-0.306575175,3.0489386369111107
-0.305379408,3.052146011378045
-0.304169416,3.055346433710155
-0.302945231,3.058539844259025
-0.301706885,3.0617261834767477
-0.300454409,3.0649053919173954
-0.299187837,3.0680774102384913
-0.2979072,3.0712421792024807
-0.296612531,3.0743996396781976
-0.295303863,3.077549732642334
-0.29398123,3.080692399180903
-0.292644665,3.0838275804907056
-0.291294202,3.0869552178807904
-0.289929875,3.090075252773917
-0.288551719,3.093187626708014
-0.287159768,3.096292281337637
-0.285754058,3.0993891584354243
-0.284334622,3.102478199893552
-0.282901498,3.105559347725186
-0.281454721,3.108632544065933
-0.279994326,3.1116977311752887
-0.27852035,3.1147548514380867
-0.277032829,3.1178038473659417
-0.275531801,3.120844661598694
-0.274017302,3.1238772369058503
-0.272489369,3.1269015161880236
-0.270948041,3.1299174424783702
-0.269393355,3.1329249589440256
-0.267825349,3.1359240088875366
-0.266244061,3.138914535748293
-0.264649531,3.141896483103957
-0.266244061,3.138914535748293
-0.267825349,3.1359240088875366
-0.269393355,3.1329249589440256
-0.270948041,3.1299174424783702
-0.272489369,3.1269015161880236
-0.274017302,3.1238772369058503
-0.275531801,3.120844661598694
-0.277032829,3.1178038473659417
-0.27852035,3.1147548514380867
-0.279994326,3.1116977311752887
-0.281454721,3.108632544065933
-0.282901498,3.105559347725186
-0.284334622,3.102478199893552
-0.285754058,3.0993891584354243
-0.287159768,3.096292281337637
-0.288551719,3.093187626708014
-0.289929875,3.090075252773917
-0.291294202,3.0869552178807904
-0.292644665,3.0838275804907056
-0.29398123,3.080692399180903
-0.295303863,3.077549732642334
-0.296612531,3.0743996396781976
-0.2979072,3.0712421792024807
-0.299187837,3.0680774102384913
-0.300454409,3.0649053919173954
-0.301706885,3.0617261834767477
-0.302945231,3.058539844259025
-0.304169416,3.055346433710155
-0.305379408,3.052146011378045
-0.306575175,3.0489386369111107
-0.307756686,3.0457243700567997
-0.308923911,3.0425032706601187
-0.310076819,3.039275398662156
-0.311215379,3.0360408140986035
-0.312339562,3.0327995770982774
-0.313449337,3.029551748
-0.314544675,3.026297386759316
-0.315625546,3.023036554130613
-0.316691923,3.0197693104820345
-0.317743775,3.016495716
-0.318781075,3.013215832498356
-0.319803794,3.0099297195588908
-0.320811905,3.006637438387848
-0.32180538,3.003339049885437
-0.322784191,3.000034615030146
-0.323748312,2.996724194877248
-0.324697715,2.993407850557316
-0.325632374,2.990085643274726
-0.326552263,2.9867576343061675
-0.327457356,2.983423885
-0.328347626,2.980084457
-0.32922305,2.9767394111049152
-0.330083601,2.9733888095533705
-0.330929254,2.9700327137317215
-0.331759986,2.966671185
-0.332575771,2.963304286056725
-0.333376586,2.9599320777458074
-0.334162407,2.956554622246651
-0.33493321,2.9531719814768556
-0.335688972,2.9497842174098756
-0.33642967,2.946391392073524
-0.337155281,2.9429935675484713
-0.337865784,2.9395908059667457
-0.338561155,2.936183169510233
-0.339241373,2.9327707204091773
-0.339906417,2.9293535209406776
-0.340556265,2.9259316334271888
-0.341190896,2.9225051202350207
-0.341810289,2.919074043772835
-0.342414424,2.9156384664901442
-0.34300328,2.912198450875811
-0.343576838,2.9087540594565446
-0.344135079,2.9053053547953995
-0.344677981,2.901852399490273
-0.345205527,2.8983952561724045
-0.345717698,2.8949339875048703
-0.346214475,2.8914686561810843
-0.34669584,2.8879993249232943
-0.347161774,2.8845260564810804
-0.347612261,2.881048913629852
-0.348047282,2.877567959169347
-0.34846682,2.874083255922129
-0.348870859,2.8705948667320857
-0.349259382,2.867102854462927
-0.349632372,2.8636072819966847
-0.349989813,2.8601082122322086
-0.35033169,2.856605708083668
-0.350657986,2.853099832
-0.350968688,2.849590648358658
-0.351263779,2.8460782186736124
-0.351543245,2.8425626063843503
-0.351807071,2.8390438744591253
-0.352055244,2.8355220858725083
-0.352287748,2.8319973036038886
-0.352504572,2.828469590635975
-0.352705701,2.824939009953297
-0.352891122,2.821405624540708
-0.353060822,2.8178694973818863
-0.353214789,2.814330691457839
-0.35335301,2.810789269745405
-0.353475474,2.8072452952157585
-0.353582169,2.803698830832914
-0.353673083,2.80014994
-0.353748204,2.796598684318916
-0.353807523,2.7930451280665367
-0.353851028,2.789489333715518
-0.353878709,2.785931364171655
-0.353890556,2.7823712823246205
-0.353886558,2.778809151
-0.353866707,2.7752450331901524
-0.353830993,2.7716789915880193
-0.353779407,2.768111089050334
-0.353711939,2.764541388363782
-0.353628583,2.7609699522899827
-0.353529328,2.7573968435640004
-0.353414167,2.7538221248928574
-0.353283093,2.7502458589540466
-0.353136098,2.7466681083940454
-0.352973175,2.743088936
-0.352794316,2.7395084038323905
-0.352599515,2.7359265749552466
-0.352388766,2.732343511702965
-0.352162063,2.7287592765446753
-0.351919398,2.7251739319095885
-0.351660768,2.721587540185516
-0.351386166,2.718000163717389
-0.351095588,2.714411864805778
-0.350789028,2.710822705705414
-0.350466482,2.7072327486237113
-0.350127945,2.7036420557192877
-0.349773414,2.700050689100489
-0.349402884,2.6964587108239138
-0.349016352,2.6928661828929354
-0.348613815,2.6892731672562302
-0.348195269,2.6856797258063017
-0.347760713,2.682085920378009
-0.347310142,2.6784918127470942
-0.346843555,2.674897465
-0.346360951,2.6713029376759487
-0.345862326,2.6677082934783747
-0.34534768,2.6641135935605527
-0.344817011,2.660518899
-0.344270318,2.656924272328619
-0.343707601,2.6533297737254298
-0.343128859,2.6497354648209046
-0.342534091,2.646141406792602
-0.341923298,2.6425476607442815
-0.34129648,2.6389542877044403
-0.340653636,2.6353613486248504
-0.339994769,2.6317689043790944
-0.339319879,2.628177015761105
-0.338628967,2.6245857434837028
-0.337922035,2.6209951481771374
-0.337199084,2.617405290387626
-0.336460116,2.613816230575895
-0.335705133,2.610228029115721
-0.334934139,2.606640746292473
-0.334147135,2.603054442301657
-0.333344124,2.5994691772474554
-0.33252511,2.5958850111412755
-0.331690096,2.5923020039002913
-0.330839086,2.588720215
-0.329972083,2.5851397052027165
-0.329089092,2.5815605330962215
-0.328190116,2.5779827585522064
-0.327275162,2.5744064409948724
-0.326344233,2.5708316397454665
-0.325397334,2.567258414020831
-0.324434471,2.5636868229319534
-0.32345565,2.5601169254825127
-0.322460875,2.5565487805674314
-0.321450154,2.5529824469714244
-0.320423492,2.549417983
-0.319380896,2.5458554483157605
-0.318322372,2.5422949002614526
-0.317247928,2.538736397534019
-0.316157571,2.5351799983454018
-0.315051307,2.5316257607886405
-0.313929145,2.528073742836428
-0.312791093,2.5245240023396605
-0.311637158,2.520976597025991
-0.310467349,2.517431584498381
-0.309281674,2.513889022233654
-0.308080142,2.510348967581047
-0.306862762,2.506811477760765
-0.305629544,2.503276609862532
-0.304380496,2.4997444208441446
-0.303115629,2.4962149675300243
-0.301834952,2.492688307
-0.300538475,2.4891644946367104
-0.299226208,2.485643588026457
-0.297898163,2.482125643055454
-0.296554349,2.4786107158595327
-0.295194778,2.475098862
-0.293819461,2.4715901386244923
-0.292428409,2.4680846001409233
-0.291021634,2.464582302540637
-0.289599147,2.461083301234656
-0.288160961,2.4575876514846895
-0.286707088,2.454095408401685
-0.28523754,2.450606626944374
-0.28375233,2.4471213619178194
-0.282251471,2.4436396679719645
-0.280734976,2.4401615996001755
-0.279202857,2.4366872111377895
-0.277655129,2.433216556760657
-0.276091806,2.429749690483686
-0.2745129,2.4262866661593843
-0.272918427,2.4228275374763997
-0.2713084,2.4193723579580624
-0.269682834,2.4159211809609213
-0.268041743,2.4124740596732845
-0.266385144,2.4090310471137544
-0.264713049,2.405592196129762
-0.263025476,2.402157559396104
-0.261322438,2.3987271894134716
-0.259603953,2.3953011385069836
-0.257870035,2.391879458824715
-0.256120702,2.3884622023362243
-0.254355968,2.385049421
-0.252575852,2.3816411659173853
-0.250780368,2.378237489020298
-0.248969534,2.3748384413805534
-0.247143368,2.3714440740529814
-0.245301885,2.368054437905023
-0.243445105,2.3646695836152434
-0.241573043,2.361289561671846
-0.239685719,2.3579144223711803
-0.237783149,2.354544215816248
-0.235865353,2.351178991915211
-0.233932347,2.347818800379889
-0.231984152,2.344463690724264
-0.230020785,2.341113712262972
-0.228042265,2.337768914109801
-0.226048612,2.334429345176178
-0.224039845,2.331095054169661
-0.222015982,2.3277660895924215
-0.219977044,2.324442499739726
-0.21792305,2.321124332698416
-0.21585402,2.317811636345382
-0.213769974,2.3145044583460352
-0.211670933,2.311202846152776
-0.209556917,2.307906847003457
-0.207427946,2.3046165079198464
-0.205284042,2.301331875706081
-0.203125225,2.2980529969471233
-0.200951516,2.2947799180072055
-0.198762936,2.291512685028278
-0.196559507,2.2882513439284478
-0.194341251,2.2849959404004143
-0.19210819,2.2817465199099014
-0.189860344,2.278503127694083
-0.187597737,2.2752658087600066
-0.18532039,2.2720346078830085
-0.183028326,2.2688095696051276
-0.180721567,2.2655907382335116
-0.178400136,2.2623781578388185
-0.176064057,2.259171872253614
-0.173713351,2.2559719250707615
-0.171348043,2.252778359641808
-0.168968155,2.2495912190753646
-0.166573711,2.246410546235478
-0.164164735,2.243236383740001
-0.16174125,2.240068773958953
-0.15930328,2.2369077590128743
-0.15685085,2.233753380771178
-0.154383983,2.230605680850489
-0.151902704,2.227464700612984
-0.149407038,2.224330481164717
-0.146897008,2.221203063353944
-0.144372641,2.2180824877694354
-0.14183396,2.214968794738786
-0.139280991,2.211862024326715
-0.13671376,2.208762216333357
-0.13413229,2.20566941
-0.131536609,2.2025836454701104
-0.128926742,2.199504960862104
-0.126302713,2.1964333951931043
-0.12366455,2.193368986914449
-0.121012278,2.1903117742024807
-0.118345924,2.187261794956785
-0.115665514,2.184219086798416
-0.112971073,2.1811836870681143
-0.11026263,2.1781556328245153
-0.10754021,2.175134960842349
-0.10480384,2.172121708
-0.102053548,2.169115909330835
-0.099289359,2.166117601915078
-0.096511303,2.1631268209842647
-0.093719405,2.1601436018662463
-0.090913693,2.157167979593957
-0.088094196,2.1541999889035437
-0.08526094,2.1512396642324845
-0.082413953,2.1482870397176947
-0.079553264,2.145342149193623
-0.0766789,2.142405026190337
-0.073790889,2.139475703931595
-0.070889261,2.136554215332907
-0.067974043,2.1336405929995856
-0.065045263,2.1307348692247827
-0.062102951,2.1278370759875123
-0.059147136,2.1249472449506652
-0.056177845,2.122065407459007
-0.053195108,2.1191915945371655
-0.050198955,2.116325836887602
-0.047189414,2.113468164888574
-0.044166515,2.1106186085920786
-0.041130287,2.107777197721787
-0.03808076,2.1049439616709615
-0.035017962,2.10211893
-0.031941926,2.0993021299361256
-0.028852679,2.096493591367661
-0.025750252,2.093693341845488
-0.022634674,2.090901409079094
-0.019505978,2.088117820434759
-0.016364191,2.085342603
-0.013209346,2.0825757832482203
-0.010041471,2.0798173877027883
-0.006860599,2.0770674422685045
-0.00366676,2.0743259725624994
-0.000459983,2.0715930038453365
0.002759699,2.0688685610187263
0.005992255,2.066152668623223
0.009237655,2.0634453508359067
0.012495868,2.0607466314680427
0.015766861466067334,2.058056533962728
0.019050604839831325,2.0553750813925147
0.022347066,2.0527022964570203
0.025656214699702154,2.050038201480513
0.028978017925491668,2.047382818409483
0.032312444348562196,2.044736168810193
0.035659462,2.042098273866206
0.039019039215239845,2.039469154375899
0.042391144,2.0368488307499533
0.045775743,2.034237323008823
0.049172806,2.0316346507801852
0.052582299,2.0290408332963716
0.05600419,2.0264558893917726
0.059438447,2.0238798375002256
0.062885037,2.0213126956523797
0.066343927,2.018754481473039
0.069815084,2.016205212178483
0.073298476,2.0136649045737642
0.07679407,2.0111335750499855
0.080301832,2.0086112395815507
0.08382173,2.006097913723397
0.08735373,2.0035936126081983
0.090897798,2.001098351
0.094453902,1.9986121430091257
0.098022007,1.9961350026538123
0.10160208083065413,1.9936669432928193
0.1051940888837632,1.9912079779047647
0.1087979975484623,1.9887581190287333
0.11241377292463074,1.9863173787613133
0.11604138102039724,1.983885768753604
0.11968078775195305,1.9814633
0.12333195894333139,1.9790499838761484
0.12699486032615212,1.9766458300538796
0.13066945753933096,1.9742508485801127
0.13435571612875255,1.9718650488327323
0.1380536015469063,1.96948844
0.1417630791524844,1.9671210297055781
0.1454841142099411,1.964762826748925
0.14921667188901222,1.962413838358464
0.15296071726419436,1.9600740715601235
0.15671621531418242,1.9577435328996897
0.1604831309212649,1.9554222284394902
0.164261429,1.9531101637550488
0.16805107384990323,1.9508073439317124
0.17185203044795005,1.948513773561248
0.1756642631545521,1.9462294567384113
0.1794877363593463,1.9439543970574844
0.18332241435099156,1.941688597608786
0.18716826131624023,1.9394320609751499
0.19102524133895918,1.9371847892283736
0.19489331839909924,1.9349467839256385
0.19877245637161212,1.9327180461058977
0.20266261902531352,1.9304985762862346
0.2065637700216913,1.9282883744581893
0.21047587291365755,1.926087440084057
0.2143988911442433,1.923895772093152
0.21833278804523468,1.921713368878043
0.2222775268357493,1.9195402282907568
0.22623307062075157,1.9173763476389498
0.2301993823895054,1.915221723682049
0.23417642501396355,1.9130763526273615
0.23816416124709147,1.9109402301261516
0.24216255372112513,1.9088133512696872
0.24617156494576065,1.9066957105852542
0.2501911573062747,1.904587302032139
0.25422129306157437,1.9024881189975797
0.2582619343421744,1.9003981542926849
0.26231304314810117,1.8983174001483214
0.2663745813467208,1.896245848
0.27044651067049114,1.8941834895385499
0.2745287927146343,1.8921303145962096
0.2786213889347303,1.8900863132520898
0.28272426064422784,1.8880514747730515
0.2868373690118723,1.8860257878203746
0.2909606750590485,1.8840092404454245
0.2950941396570364,1.8820018200852882
0.2992377235241781,1.8800035135583784
0.3033913872229546,1.8780143070600082
0.3075550911569699,1.8760341861579348
0.311728796,1.874063135787873
0.31591246053199185,1.8721011402489776
0.3201060459573491,1.8701481831992979
0.3243095115799378,1.8682042476512022
0.328522817,1.8662693159667723
0.3327459214802593,1.8643433698531704
0.33697878433845396,1.8624263903579776
0.34122136454726215,1.8605183578645044
0.34547362092849104,1.858619252087073
0.3497355121094037,1.856729052066275
0.3540069965185558,1.8548477361641997
0.35828803238151546,1.8529752820596401
0.3625785777164629,1.8511116667432703
0.3668785903296691,1.8492568665128013
0.3711880278108494,1.847410856968111
0.3755068475283913,1.8455736130063518
0.37983500662445224,1.8437451088170371
0.38417246200992633,1.8419253178771042
0.38851917035927686,1.840114212945958
0.3928750881052318,1.8383117660604942
0.3972401714333402,1.8365179485301046
0.4016143762763861,1.834732730931664
0.4059976583086584,1.8329560831045004
0.4103899729400727,1.8311879741453505
0.41479127531014276,1.8294283724032994
0.41920152028179936,1.827677245474708
0.4236206624350527,1.8259345601981287
0.4280486560604961,1.8242002826492107
0.4324854551526478,1.822474378135595
0.43693101340312795,1.8207568111918022
0.44138528419366757,1.8190475455741162
0.4458482205889465,1.817346544
0.45031977532925765,1.8156537694202715
0.4547999008229932,1.8139691824593775
0.45928854913895106,1.8122927439648677
0.46378567199845716,1.8106244137249725
0.4682912207673008,1.8089641507189451
0.47280514644747945,1.8073119131119502
0.4773273996687502,1.8056676582499624
0.4818579306799836,1.8040313426546757
0.4863966893403171,1.8024029220184257
0.4909436251101041,1.800782351199129
0.4954986870416556,1.7991695842152409
0.5000618237697706,1.797564574240734
0.504632984,1.7959672736001016
0.5092121140089989,1.7943776337633865
0.5137991626138908,1.7927956053412424
0.5183940761824262,1.7912211380800243
0.5229968011121465,1.7896541808569189
0.5276072833216203,1.7880946816751115
0.5322254682393911,1.7865425876589984
0.5368513007926836,1.7849978450494428
0.5414847253958658,1.7834603991990834
0.5461256859386606,1.7819301945676953
0.5507741257741052,1.7804071747176098
0.5554299877062533,1.7788912823091962
0.5600932139776159,1.777382459096409
0.5647637462563375,1.775880645922406
0.5694415256231026,1.7743857827152432
0.5741264925577688,1.7728978084836475
0.5788185869257234,1.7714166613128752
0.5835177479639573,1.7699422783606606
0.5882239142668542,1.7684745958532588
0.5929370237716893,1.7670135490815897
0.597657014,1.7655590723974879
0.6023838207616667,1.7641110992100637
0.6071173807011687,1.7626695619821822
0.6118576287202314,1.7612343922270663
0.6166044992426394,1.7598055205050296
0.6213579259417439,1.7583828764203449
0.6261178417238168,1.7569663886182583
0.6308841787110814,1.755555984782151
0.6356568682244156,1.7541515916308599
0.6404358407657247,1.752753134916163
0.645221026,1.751360539420436
0.6500123527369062,1.7499737289544903
0.6548097489123557,1.7485926263555984
0.6596131415692952,1.7472171534857164
0.6644224568384713,1.7458472312299103
0.6692376199187087,1.7444827794949982
0.6740585550568511,1.7431237172084137
0.6788851855273407,1.741769962317302
0.6837174336114297,1.7404214317878575
0.6885552205760228,1.7390780416049143
0.6933984666521461,1.7377397067717972
0.6982470910130387,1.736406341310445
0.7031010117518646,1.7350778582618172
0.7079601458590405,1.7337541696865948
0.7128244091991781,1.7324351866661856
0.7176937164876352,1.731120819304047
0.7225679812666763,1.729810976727337
0.7274471158812366,1.7285055670889071
0.7323310314542891,1.7272044975696472
0.7372196378618118,1.725907674381199
0.742112844,1.724615002769047
0.7470105562961868,1.7233263870160043
0.7519126816090778,1.7220417304461044
0.7568191242756166,1.7207609354289155
0.7617297875471631,1.7194839033842892
0.766644573,1.7182105347875616
0.7715633818543082,1.716940729175219
0.7764861122521508,1.7156743851510474
0.7814126619224842,1.714411400392778
0.7863429268051764,1.7131516716592476
0.7912768012908457,1.7118950947980918
0.7962141781909148,1.7106415647539825
0.8011549487072545,1.7093909755774357
0.8060990024014164,1.708143220434199
0.8110462271634589,1.7068981916152444
0.8159965091803649,1.705655780547379
0.8209497329040572,1.7044158778044982
0.8259057810190107,1.7031783731194952
0.8308645344094682,1.701943155396852
0.8358258721262602,1.700710112725929
0.8407896713532355,1.6994791323949738
0.8457558073733045,1.698250100905873
0.8507241535341034,1.6970229039896647
0.8556945812132827,1.6957974266228357
0.8606669597834267,1.6945735530444266
0.8656411565766119,1.693351166773964
0.8706170368486105,1.6921301506302473
0.8755944637427476,1.690910386751008
0.8805732982534212,1.6896917566134713
0.8855533991892942,1.6884741410558386
0.8905346231361679,1.6872574202997197
0.8955168244195495,1.6860414739735354
0.9004998550669235,1.6848261811369203
0.9054835647697415,1.6836114203061467
0.9104678008451407,1.682397069480599
0.9154524081974095,1.6811830061703215
0.9204372292792112,1.679969107
0.9254221040525843,1.6787552498620897
0.9304068699497353,1.6775413097010488
0.9353913618336426,1.676327162792155
0.9403754119584895,1.6751126846514817
0.9453588499299475,1.6738977504951305
0.9503415026653292,1.6726822352750612
0.9553231943536357,1.6714660137162138
0.9603037464155179,1.6702489603549522
0.9652829774631807,1.669030949578858
0.9702607032602522,1.6678118556679036
0.9752367366816459,1.666591553
0.9802108876734459,1.6653699152801626
0.9851829632128412,1.664146817215689
0.990152767,1.6629221329334294
0.9951201007589165,1.6616957368431293
1.0000847615162591,1.6604675035244996
1.005046544243263,1.6592373077788356
1.0100052404756958,1.6580050246822402
1.014960638542941,1.6567705296404818
1.0199125235292332,1.6555336984455111
1.0248606772352338,1.6542944073336683
1.0298048781399876,1.653052533045602
1.034744901363305,1.651807952887933
1.039680518628617,1.6505605447966814
1.0446114982263506,1.6493101874024887
1.049537604977872,1.6480567600976566
1.0544586002000536,1.646800143105026
1.0593742416705136,1.6455402175487222
1.0642842835935862,1.6442768655267852
1.0691884765670763,1.6430099701857108
1.0740865675498612,1.6417394157969198
1.0789782998303967,1.6404650878351765
1.0838634129961913,1.6391868730589751
1.0887416429043133,1.6379046595929103
1.0936127216529965,1.6366183370120493
1.0984763775544137,1.6353277964283193
1.1033323351086866,1.634032930578923
1.1081803149792055,1.632733633916795
1.1130200339693344,1.6314298027031082
1.1178512050005731,1.6301213351018378
1.1226735370922603,1.6288081312763902
1.1274867353428926,1.6274900934883012
1.132290500913144,1.626167126198003
1.1370845310106705,1.6248391361676648
1.141868518876782,1.623506032566099
1.1466421537750737,1.622167727075733
1.1514051209821028,1.620824134001636
1.1561571017802037,1.6194751703825916
1.1608977734525352,1.6181207561042037
1.1656268092804518,1.6167608140140195
1.1703438785432991,1.6153952700386507
1.1750486465207286,1.614024053
1.1797407744976334,1.612647096250659
1.184419919771804,1.6112643347681754
1.1890857356644087,1.609875708308612
1.193737871533401,1.6084811600189042
1.1983759727899597,1.6070806368682529
1.202999680918067,1.6056740897784127
1.2076086334973333,1.6042614737557008
1.212202464229175,1.6028427480246705
1.216780802966456,1.601417876163396
1.2213432757466987,1.5999868262403023
1.2258895048289802,1.5985495709524782
1.2304191087346192,1.597106087765396
1.2349317022917647,1.5956563590539667
1.2394268966839999,1.5942003722448455
1.2439042995030676,1.5927381199599018
1.248363515,1.591269600160764
1.2528041431755716,1.5897948162943376
1.2572257817877524,1.588313777439196
1.2616280244803197,1.5868264984527365
1.2660104618286878,1.5853330001189831
1.2703726812254843,1.5838333092969197
1.2747142669651725,1.582327459069224
1.279034800333647,1.5808154888912729
1.2833338597029036,1.579297444740278
1.2876110206308797,1.577773379264408
1.291865855966557,1.5762433519317478
1.2960979359604194,1.574707429178935
1.3003068283803534,1.5731656845593114
1.3044920986330708,1.5716181988904223
1.3086533098911382,1.5700650604006818
1.312790023225683,1.5685063648750284
1.3169017977448512,1.5669422157993764
1.3209881907380772,1.5653727245036737
1.3250487578262289,1.56379801
1.3290830531176807,1.5622182006390217
1.3330906293703606,1.5606334312140304
1.3370710381598148,1.5590438461299438
1.341023830053323,1.5574495980194463
1.3449485547900906,1.5558508481765982
1.348844761467537,1.5542477666841592
1.352711998733693,1.5526405325377424
1.3565498149857067,1.5510293337665562
1.3603577585744537,1.549414367550481
1.3641353780152359,1.5477958403332273
1.3678822222045428,1.546173967931313
1.3715978406428408,1.5445489756386002
1.3752817836633449,1.5429210983261221
1.378933602666715,1.5412905805369297
1.3825528503616131,1.5396576765756866
1.3861390810110377,1.538022650592736
1.3896918506843483,1.5363857766623608
1.3932107175148758,1.5347473388549617
1.3966952419630039,1.5331076313028682
1.400144987084593,1.5314669582595055
1.4035595188046075,1.5298256341516359
1.4069384061957897,1.528183983624394
1.410281221762216,1.5265423415788368
1.413587541727551,1.5249010532017329
1.4168569463278058,1.5232604739873132
1.4200890201083933,1.5216209697507155
1.423283352225253,1.5199829166328498
1.4264395367498124,1.5183467010964262
1.4295571729775292,1.5167127199128818
1.4326358657397522,1.515081380139958
1.4356752257186167,1.5134530990896795
1.4386748697646825,1.511828304286497
1.4416344212170042,1.5102074334153646
1.4445535102253122,1.508590934259527
1.4474317740739648,1.5069792646278084
1.450268857507325,1.5053728922711986
1.4530644130561938,1.503772294788548
1.4558181013649263,1.5021779595211924
1.4585295915188388,1.500590383436345
1.461198561371505,1.4990100729991003
1.4638246978715272,1.497437544032917
1.4664076973883573,1.4958733215684572
1.4689472660367298,1.4943179396806743
1.471443119999261,1.4927719413140665
1.4738949858467574,1.4912358780960193
1.4763026008557671,1.4897103101381883
1.4786657133229024,1.4881958058258868
1.4809840828754484,1.486692941595466
1.4832574807777743,1.4852023016996927
1.4854856902330509,1.4837244779611531
1.4876685066797755,1.4822600695137311
1.489805738082604,1.4808096825322314
1.4918972052169834,1.4793739299502426
1.4939427419470785,1.477953431166354
1.4959421954964844,1.476548811738868
1.4978954267112192,1.475160703
1.4998023103144904,1.4737897420739425
1.5016627351527319,1.4724365708464355
1.503476604432414,1.471101836307028
1.5052438359471327,1.4697861898433393
1.5069643622944913,1.468490286940176
1.5086381310822947,1.467214787
1.5102651051235887,1.4659603519515925
1.5118452626200813,1.4647276478552482
1.5133785973335019,1.463517342
1.5148651187444604,1.462330105947637
1.5163048521983888,1.4611666099927823
1.5176978390381568,1.4600275276474375
1.519044136722977,1.4589135327447853
1.5203438189332266,1.4578252994859193
1.5215969756608363,1.4567635019889542
1.5228037132849173,1.455728813832626
1.5239641546323153,1.4547219075949327
1.5250784390228072,1.4537434543873802
1.5261467222986793,1.452794123385422
1.527169176838448,1.4518745813556868
1.5281459915545135,1.4509854921806111
1.5290773718745596,1.4501275163811034
1.5299635397065465,1.4493013106378765
1.5323260683837343,1.4470745809544856
1.534678528698361,1.4448359837399054
1.5370208653392219,1.4425855641364826
1.5393530232135137,1.4403233675255065
1.5416749474478566,1.4380494395260137
1.5439865833893087,1.4357638259935905
1.546287876606375,1.4334665730191694
1.5485787728900084,1.4311577269278202
1.5508592182546046,1.4288373342775385
1.553129159,1.4265054418580272
1.5553885414074022,1.424162096689475
1.557637312350465,1.4218073460213292
1.5598754186861543,1.419441237331065
1.5621028075607595,1.4170638183229494
1.5643194263498357,1.4146751369268014
1.5665252226591508,1.4122752412967468
1.5687201443256242,1.4098641798099698
1.5709041394182592,1.407442001065459
1.5730771562390684,1.4050087538827498
1.5752391433239914,1.4025644873006633
1.5773900494438062,1.4001092505760382
1.579529823605033,1.3976430931824622
1.5816584150508308,1.395166064808996
1.5837757732618873,1.3926782153588952
1.5858818479573018,1.3901795949483273
1.5879765890954594,1.3876702539050842
1.590059947,1.3851502427672922
1.592131871735179,1.382619612282116
1.5941923143577208,1.3800784134044604
1.5962412256666654,1.3775266972956672
1.5982785568297073,1.3749645153222088
1.6003042592589272,1.372391919054377
1.6023182846116166,1.3698089602649692
1.6043205847910955,1.3672156909279705
1.6063111119475213,1.3646121632172308
1.6082898184786916,1.3619984295051406
1.6102566570308399,1.3593745423613008
1.6122115804994221,1.3567405545511908
1.614154542029898,1.354096519034831
1.6160854950185028,1.3514424889654444
1.6180043931130137,1.3487785176881117
1.619911190213507,1.346104658738426
1.6218058404731093,1.3434209658411413
1.623688298298739,1.340727493
1.6255585183518437,1.3380242940404747
1.6274164555491266,1.3353114235202093
1.6292620650632672,1.3325889358158542
1.6310953023236343,1.3298568855776012
1.6329161230169915,1.3271153276366316
1.6347244830881942,1.3243643170037451
1.636520339,1.3216039088679825
1.6383036464381513,1.3188341585952466
1.640074363,1.3160551217269203
1.6418324451202246,1.3132668539784813
1.64357785,1.310469411238114
1.6453105360539786,1.3076628495653178
1.6470304600487857,1.3048472251895142
1.6487375803528053,1.3020225945086492
1.6504318552638586,1.2991890140877942
1.6521132433444163,1.2963465406577435
1.6537817034222106,1.293495231113609
1.6554371945908417,1.2906351425134133
1.6570796762103754,1.2877663320766783
1.6587091079079335,1.2848888571830135
1.6603254495782758,1.282002775370699
1.6619286613843751,1.279108144335269
1.663518703757984,1.2762050219280903
1.6650955374001932,1.273293466
1.6666591232819838,1.2703735351745795
1.6682094226447701,1.2674452872973276
1.669746397000935,1.264508781
1.671270008134358,1.261564074842627
1.6727802181009355,1.2586112276307189
1.6742769892290918,1.255650298
1.6757602841202843,1.2526813457474693
1.6772300656494994,1.2497044293122883
1.6786862969657406,1.246719608
1.6801289414925094,1.243726942108632
1.681557962928278,1.2407264904209805
1.6829733252469539,1.237718313
1.684374992698337,1.2347024696069533
1.6857629298085677,1.2316790203799983
1.687137101380569,1.2286480254283327
1.6884974724944788,1.2256095450329378
1.6898440085080755,1.22256364
1.6911766750571946,1.2195103696828502
1.6924954380561386,1.216449795933703
1.693800263698078,1.2133819791489924
1.6950911184554445,1.2103069802445066
1.6963679690803166,1.2072248602586015
1.697630782604797,1.2041356803507333
1.6988795263413814,1.201039501799987
1.7001141678833214,1.1979363860036067
1.7013346751049763,1.1948263944755224
1.7025410161621597,1.1917095888448757
1.7037331594924765,1.1885860308545448
1.7049110738156528,1.185455782359668
1.7060747281338566,1.1823189053261651
1.7072240917320123,1.1791754618292587
1.7083591341781055,1.1760255140519933
1.7094798253234806,1.1728691242837543
1.7105861353031309,1.1697063549187852
1.711678034535979,1.1665372684547033
1.7127554937251515,1.1633619274910159
1.713818483858243,1.1601803947276332
1.714866976207575,1.1569927329633827
1.715900942330444,1.1537990050945204
1.716920354069364,1.1505992741132431
1.7179251835522993,1.1473936031061986
1.7189154031928895,1.144182055252995
1.7198909856906677,1.1409646938247104
1.720851904031269,1.1377415821824002
1.7217981314866326,1.1345127837756053
1.722729641615194,1.1312783621408582
1.723646408262071,1.128038381
1.7245484055592408,1.1247929037596351
1.7254356079257092,1.121541994507737
1.7263079900676712,1.1182857170140519
1.7271655269786652,1.1150241352276535
1.7280081939397172,1.1117573131756362
1.7288359665194781,1.1084853149616178
1.7296488205743534,1.105208204764243
1.7304467322486234,1.1019260468356853
1.731229677974557,1.0986389055001493
1.7319976344725163,1.0953468451523725
1.7327505787510538,1.0920499302561266
1.7334884881070012,1.0887482253427196
1.7342113401255512,1.0854417950094963
1.734919113,1.0821307039183394
1.7356117839334622,1.078815016794171
1.736289332335628,1.0754947984234535
1.7369517366261127,1.072170114
1.7375989758328472,1.0688410273869258
1.7382310292724414,1.065507604588249
1.7388478765502096,1.0621699102742919
1.7394494975601869,1.0588280095167317
1.7400358724851392,1.0554819674397926
1.7406069817965644,1.0521318492187466
1.741162806254685,1.0487777200784154
1.7417033269084337,1.0454196452916729
1.7422285250954317,1.0420576901779466
1.7427383824419567,1.038691920101721
1.7432328808629056,1.0353224004710404
1.7437120025617474,1.0319491967360117
1.7441757300304692,1.0285723743873088
1.744624046049514,1.0251919989546765
1.7450569336877102,1.0218081360054352
1.745474376302194,1.0184208511429866
1.7458763575383234,1.0150302100053188
1.7462628613295839,1.0116362782635129
1.7466338718974872,1.0082391216202502
1.7469893737514617,1.0048388058083197
1.747329351688735,1.0014353965891263
1.7476537907942085,0.99802896
1.747962676440324,0.9946195611087055
1.7482559942869236,0.991207266
1.74853373,0.9877921417859092
1.7487958706570401,0.9843742528487097
1.7490424019358612,0.9809536655901719
1.7492733109254377,0.9775304459303095
1.749488584720222,0.9741046598058464
1.749688210701056,0.9706763731687333
1.7498721765349763,0.9672456519846647
1.75004047,0.9638125622315958
1.7501930798599643,0.9603771698982624
1.750329994114207,0.9569395409827001
1.7504512017474403,0.9534997414907659
1.7505566918544668,0.9500578374346602
1.750646453814947,0.9466138948314504
1.750720477,0.94316798
1.7507787522376952,0.9397201580674699
1.7508212688812885,0.936270496
1.750848017740449,0.932819059
1.7508589896152282,0.9293659143610685
1.7508541755889224,0.9259111269204395
1.750833567027777,0.9224547630646692
1.7507971555806832,0.9189968887967501
1.750744933178867,0.9155375701113087
1.7506768920355709,0.9120768729931423
1.7505930246457275,0.9086148634157574
1.7504933237856266,0.9051516073399081
1.750377782512573,0.9016871707121383
1.7502463941645385,0.8982216194633237
1.7500991523598055,0.8947550195072156
1.7499360509966029,0.8912874367389874
1.7497570842527352,0.8878189370337812
1.7495622465852039,0.8843495862452574
1.7493515327298208,0.8808794502041446
1.7491249377008145,0.8774085947167926
1.748882456790429,0.873937086
1.7486240855685162,0.870464988
1.7483498198821186,0.8669923692447582
1.7480596558550465,0.8635192934977916
1.7477535898874477,0.8600458269200997
1.7474316186553682,0.8565720351414535
1.7470937391103079,0.8530979837571605
1.7467399484787671,0.8496237383266309
1.746370244261787,0.8461493643719461
1.7459846242344812,0.8426749273764296
1.7455830864455617,0.839200493
1.7451656292168571,0.8357261259938402
1.744732251142823,0.8322518923667841
1.7442829510900448,0.8287778572160843
1.7438177281967353,0.8253040858098979
1.7433365818722228,0.8218306433690872
1.7428395117964333,0.8183575950658044
1.742326517919365,0.8148850060220783
1.7417976004605562,0.8114129413084018
1.741252759908545,0.8079414659423235
1.7406919970203234,0.8044706448870399
1.7401153128207827,0.8010005430499901
1.739522708602153,0.797531225
1.738914185923435,0.7940627563731464
1.738289746609825,0.7905952010568281
1.7376493927521333,0.7871286240028996
1.7369931267061938,0.7836630898190119
1.7363209510922695,0.780198663
1.735632868794448,0.7767354081698588
1.7349288829600324,0.7732733895936245
1.7342089969989243,0.7698126716627203
1.7334732145829987,0.7663533186502077
1.7327215396454752,0.7628953947580793
1.731953976380278,0.7594389641158799
1.7311705292413935,0.7559840907793304
1.7303712029422174,0.7525308387289544
1.729556002454897,0.7490792718687065
1.7287249330096666,0.745629454
1.7278780000941745,0.7421814489433557
1.7270152094528057,0.7387353202910069
1.7261365670859958,0.7352911316515678
1.7252420792495393,0.7318489465256588
1.7243317524538904,0.7284088283291524
1.7234055934634578,0.7249708403918184
1.722463609295893,0.7215350459559708
1.7215058072213705,0.7181015081751193
1.720532194761864,0.7146702901126203
1.7195427796904128,0.7112414547403325
1.7185375700303842,0.7078150649372743
1.7175165740547282,0.7043911834882831
1.7164798002852257,0.7009698730826781
1.7154272574917304,0.6975511963129245
1.7143589546914042,0.6941352156733009
1.713274901147946,0.6907219935585689
1.7121751063708142,0.6873115922626449
1.7110595801144426,0.683904074
1.709928332,0.6804995007907118
1.7087813734018433,0.6770979346863937
1.707618713672215,0.6736994375416273
1.7064403639149324,0.6703040711262713
1.705246335097323,0.666911897
1.7040366384268522,0.6635229770181117
1.7028112853502941,0.6601373723159818
1.701570287552898,0.6567551443219959
1.7003136569575465,0.6533763542491274
1.6990414057239094,0.6500010631950605
1.697753546,0.6466293321408914
1.6964500911592655,0.6432612219498333
1.6951310533238222,0.6398967933659224
1.6937964458394832,0.6365361070127273
1.692446282036931,0.6331792233920603
1.691080575478424,0.6298262028826913
1.689699339956906,0.6264771057390643
1.6883025894951116,0.6231319920900164
1.686890338344663,0.6197909219374983
1.6854626009851634,0.6164539551552988
1.6840193921232829,0.6131211514877702
1.6825607266918385,0.6097925705485573
1.6810866198488699,0.6064682718193273
1.6795970869767065,0.6031483146485037
1.6780921436810317,0.5998327582500017
1.6765718057899388,0.5965216617019657
1.6750360893529836,0.5932150839455101
1.6734850106402284,0.5899130837834612
1.6719185861412826,0.5866157198791022
1.6703368325643368,0.5833230507549206
1.6687397668351909,0.5800351347913574
1.6671274060962766,0.5767520302255584
1.6654997677056753,0.5734737951501288
1.6638568692361286,0.5702004875118886
1.6621987284740452,0.5669321651106314
1.660525363,0.5636688855978846
1.6588367922802305,0.5604107064756725
1.6571330334806251,0.5571576850952805
1.655414105650707,0.5539098786560226
1.6536800276301131,0.5506673442040102
1.651930818466067,0.5474301386309234
1.6501664974123462,0.5441983186727839
1.6483870839282448,0.5409719409087307
1.6465925976775302,0.5377510617597969
1.644783058527395,0.5345357374876893
1.6429584865474034,0.5313260241935693
1.6411189020084322,0.5281219778168363
1.6392643253816068,0.5249236541339126
1.6373947773372317,0.5217311087570302
1.6355102787437166,0.5185443971330198
1.6336108506664964,0.5153635745421012
1.631696514366947,0.512188696
1.6297672913012953,0.5090198167401213
1.6278232031195243,0.5058569912455855
1.6258642716642737,0.5027002742147864
1.623890518969735,0.4995497200768097
1.6219019672605421,0.49640538308691046
1.6198986389506562,0.4932673173253149
1.6178805566422467,0.4901355766960247
1.6158477431245668,0.48701021492562224
1.613800221372824,0.4838912855620776
1.6117380145470468,0.4807788419735569
1.6096611459909456,0.477672937
1.607569639230769,0.47457362468809133
1.6054635179741563,0.47148095681775276
1.6033428061089838,0.4683949863732767
1.6012075277022084,0.4653157658059812
1.5990577069987049,0.462243347
1.5968933684200992,0.45917778317238944
1.5947145365635977,0.45611912506936686
1.5925212362008117,0.45306742476770967
1.5903134922765765,0.45002273377228563
1.588091329907768,0.446985103
1.5858547743821125,0.4439545847542774
1.5836038511569945,0.4409312287725648
1.5813385858582587,0.43791508617647495
1.5790590042790076,0.43490620749495074
1.5767651323783958,0.43190464305822207
1.574456996,0.42891044299663156
1.5721346222727035,0.4259236572394604
1.569798036805278,0.42294433551375515
1.5674472664893608,0.41997252734315443
1.565082338096128,0.4170082820467165
1.5627032785554829,0.4140516487377469
1.5603101149548217,0.411102676
1.5579028745377945,0.4081614134996373
1.5554815847030625,0.4052279087577956
1.5530462730030508,0.4023022103756748
1.5505969671426987,0.39938436642023645
1.5481336949782045,0.39647442474565736
1.5456564845157683,0.39357243299215766
1.5431653639103293,0.3906784385848282
1.5406603614643013,0.387792489
1.5381415056263024,0.38491463042636076
1.535608824989883,0.38204491043920163
1.5330623482922496,0.37918337532382257
1.5305021044129852,0.3763300714120677
1.5279281223727652,0.37348504481360784
1.5253404313320715,0.370648341
1.5227390605899023,0.367820007
1.5201240395824784,0.36500008663739464
1.5174953978819472,0.36218862590416195
1.5148531651950827,0.3593856696587711
1.5121973713619818,0.35659126265311464
1.5095280463547591,0.35380544940865544
1.5068452202762368,0.35102827421524235
1.5041489233586327,0.3482597811299243
1.5014391859622451,0.34550001397576274
1.4987160385741343,0.3427490163406425
1.4959795118068013,0.34000683157608047
1.4932296363968647,0.3372735027960332
1.4904664432037324,0.33454907287570146
1.487689963208274,0.33183358445033345
1.484900227511487,0.32912707991402546
1.482097267333163,0.32642960141852034
1.479281114,0.3237411908720035
1.4764517989970125,0.3210618899378963
1.4736093538606898,0.31839174003364695
1.4707538102831506,0.31573078232951857
1.4678852000580458,0.31307905774737416
1.4650035550897602,0.3104366069594591
1.4621089073920603,0.30780347
1.459201289086741,0.3051796881998804
1.456280732402269,0.30256530031361367
1.4533472696724266,0.2999603463899116
1.4504009333349506,0.29736486583454996
1.4474417559301713,0.2947788977963101
1.4444697700996492,0.2922024811657368
1.4414850085848097,0.28963565457389207
1.4384875042255758,0.28707845639110463
1.4354772899590007,0.2845309247257155
1.432454398817897,0.281993097
1.4294188639294654,0.27946501206299895
1.4263707185139216,0.27694670596106086
1.423309995883123,0.27443821616475844
1.4202367294391924,0.2719395794535158
1.4171509526731423,0.2694508323371443
1.4140526991634963,0.2669720110545539
1.4109420025749115,0.2645031515724597
1.4078188966567982,0.26204429
1.4046834152419396,0.2595954605078416
1.4015355922451118,0.2571566994860485
1.3983754616617006,0.2547280413835848
1.3952030575663201,0.25230952078658136
1.3920184141114298,0.24990117200108813
1.388821565525951,0.24750302905173785
1.3856125461138842,0.24511512568040308
1.382391390252925,0.2427374953448463
1.3791581323930804,0.2403701712173629
1.3759128070552855,0.2380131861834171
1.3726554488300193,0.23566657284027023
1.3693860923759225,0.23333036349560152
1.366104772418413,0.23100459016612107
1.3628115237483047,0.22868928457617485
1.359506381220425,0.2263844781563415
1.3561893797522337,0.22409020204202082
1.352860554322442,0.2218064870720137
1.3495199399696327,0.2195333637870932
1.346167571790883,0.2172708624285668
1.3428034849403856,0.21501901293682946
1.3394277146280726,0.2127778449499072
1.3360402961182418,0.2105473878019914
1.3326412647281822,0.20832767052196288
1.3292306558268032,0.20611872183190652
1.3258085048332642,0.20392057014561515
1.3223748472156074,0.20173324356708341
1.3189297184893911,0.1995567698889907
1.3154731542163274,0.19739117659117347
1.3120051900029197,0.1952364908390862
1.308525861499105,0.19309273948225117
1.3050352043968976,0.19095994905269667
1.3015332544290357,0.18883814576338334
1.2980200473676318,0.18672735550661854
1.2944956190228252,0.18462760385245836
1.2909600052414387,0.1825389160470972
1.2874132419056388,0.18046131701124452
1.283855364931598,0.1783948313384885
1.2802864102681641,0.17633948329364654
1.276706414,0.1742952968111022
1.273115412,0.1722622954931282
1.2695134400922206,0.1702405026081955
1.265900534766764,0.16822994108926817
1.2622767319399189,0.1662306335320832
1.2586420677288341,0.16424260219341605
1.254996578274129,0.16226586898933054
1.2513402997385987,0.16030045549341362
1.2476732683059248,0.15834638293499428
1.2439955201793926,0.15640367219734655
1.2403070915806138,0.15447234381587613
1.236608018748256,0.15255241797629052
1.2328983379367784,0.15064391451275222
1.2291780854151753,0.14874685290601478
1.2254472974657247,0.14686125228154134
1.2217060103827468,0.14498713140760552
1.2179542604713682,0.14312450869337398
1.2141920840462943,0.1412734021869708
1.210419517430591,0.13943383
1.206636596954473,0.13760580817318707
1.202843358954103,0.13578935493915623
1.1990398397703972,0.13398448645564773
1.1952260757478426,0.1321912189358704
1.1914021032333226,0.1304095682199718
1.187567958574953,0.12863954977296452
1.183723678120928,0.1268811786826316
1.179869298218376,0.12513446965741054
1.1760048552122289,0.12339943702425558
1.1721303854440988,0.1216760947264779
1.1682459252511697,0.1199644563215634
1.1643515109650997,0.11826453497896769
1.160447178910935,0.11657634347788794
1.1565329654060377,0.11489989420501123
1.1526089067590257,0.11323519915223904
1.1486750392687273,0.1115822699143874
1.1447313992231478,0.10994111768686253
1.1407780228984523,0.10831175326331141
1.1368149465579622,0.106694187
1.1328422064511665,0.10508842897964768
1.1288598388127493,0.10349448867653052
1.1248678798616336,0.10191237528649805
1.1208663658000402,0.10034209755825799
1.1168553328125645,0.098783664
1.1128348170652715,0.097237082
1.1088048547048066,0.09570236
1.1047654818575263,0.094179504
1.100716734628648,0.092668521
1.0966586491014174,0.091169417
1.0925912613362987,0.089682199
1.0885146073701821,0.088206871
1.0844287232156156,0.086743438
1.0803336448600553,0.085291905
1.076229408265141,0.083852276
1.0721160493659911,0.082424555
1.0679936040705251,0.081008744
1.0638621082588064,0.079604846
1.059721597782412,0.078212864
1.0555721084638265,0.076832799
1.0514136760958634,0.075464652
1.0472463364411113,0.074108425
1.0430701252314087,0.072764117
1.0388850781673473,0.071431729
1.0346912309178027,0.070111261
1.030488619119496,0.06880271
1.026277278376585,0.067506076
1.0220572442602873,0.066221356
1.0178285523085349,0.064948548
1.0135912380256606,0.06368765
1.0093453368821206,0.062438656
1.0050908843142485,0.061201564921803696
1.000827915724047,0.05997637
0.9965564664790141,0.058763068
0.9922765719120081,0.057561653
0.9879882673211492,0.056372118
0.9836915879697606,0.055194457
0.9793865690863506,0.054028663192849054
0.9750732458646336,0.052874729
0.9707516534635955,0.051732647
0.966421827,0.050602407
0.9620838015865409,0.049484002
0.9577376122560379,0.04837742
0.9533832940376802,0.047282652
0.9490208819193164,0.046199688
0.9446504108553939,0.045128515770292525
0.9402719157673473,0.044069123456437834
0.9358854315440385,0.043021499
0.9314909930422487,0.041985629
0.927088635,0.040961500170178154
0.9226783924732757,0.039949099
0.9182602999644367,0.038948409318721726
0.913834392,0.037959417
0.909400704,0.036982107
0.9049592702701408,0.036016460850184395
0.9005101252427409,0.035062463
0.8960533037135213,0.034120096
0.8915888402819494,0.033189340197882736
0.8871167695234982,0.032270178175132044
0.8826371259908034,0.031362590068304184
0.8781499442148892,0.030466555850701706
0.8736552587064655,0.029582054877054193
0.8691531039572971,0.028709065878680537
0.8646435144416477,0.027847566958598656
0.8601265246178004,0.026997535586582362
0.8556021689296553,0.026158948594165073
0.8510704818084073,0.025331782169590065
0.8465314976743049,0.024516011852707013
0.8419852509384933,0.023711613
0.8374317760049417,0.022918558
0.8328711072724587,0.022136823112116278
0.8283032791367971,0.021366379
0.8237283259928493,0.020607199736457388
0.8191462822369365,0.019859255
0.814557182,0.019122517426756615
0.8099610604960533,0.018396956
0.8053579513328248,0.017682540236223773
0.8007478892063824,0.016979239283688073
0.7961309085579529,0.016287021069155777
0.7915070438460118,0.015605852933827196
0.78687633,0.014935701499181686
0.7822388001698856,0.014276532661103234
0.7775944902365052,0.013628311583950493
0.772943434,0.012991002694571336
0.7682856669758479,0.01236457
0.7636212228697221,0.011748975462671283
0.7589501366592248,0.011144182231648933
0.7542724430587189,0.010550151399040192
0.7495881768311009,0.009966844
0.7448973727919064,0.009394219
0.740200066,0.008832236
0.7354962908297054,0.008280853
0.7307860828398258,0.007740029
0.7260694769138116,0.007209718
0.7213465081968239,0.006689879
0.7166172119142505,0.006180465
0.7118816233768267,0.00568143
0.7071397779859127,0.005192729
0.7023917112389335,0.004714314
0.6976374587349828,0.004246136
0.6928770561805946,0.003788147
0.6881105393956868,0.003340296
0.6833379443196803,0.002902534
0.6785593070177967,0.002474807
0.6737746636875379,0.002057064
0.6689840506653533,0.001649251
0.6641875044334961,0.001251314
0.6593850616270744,0.000863198
0.6545767590413004,0.000484846
0.6497626336389406,0.000116202
0.644942723,-0.000242792
0.6401170631194595,-0.000592196
0.6352856928356178,-0.000932069
0.630448649,-0.001262472
0.6256059707866769,-0.001583466
0.6207576950776613,-0.001895115
0.6159038606532221,-0.002197481
0.6110445061104407,-0.002490629
0.60617967,-0.002774626
0.6013093922899234,-0.003049537
0.5964337114674738,-0.00331543
0.5915526674574287,-0.003572373
0.5866663001785256,-0.003820437
0.5817746498450086,-0.004059691
0.5768777569776402,-0.004290208
0.571975662,-0.004512059
0.5670684073249919,-0.004725319
0.5621560332168178,-0.004930062
0.5572385819530022,-0.005126364
0.5523160957618927,-0.005314301
0.5473886172503905,-0.005493953
0.5424561894170009,-0.005665397
0.5375188556651954,-0.005828714
0.5325766598170926,-0.005983985
0.5276296461274627,-0.006131291
0.5226778592980615,-0.006270718
0.517721344,-0.006402348
0.5127601473502538,-0.006526267
0.5077943140040201,-0.006642563
0.5028238910934271,-0.006751323
0.4978489257821009,-0.006852635
0.4928694657738978,-0.006946591
0.4878855593297056,-0.007033282
0.4828972552846221,-0.007112799
0.4779046030655144,-0.007185237
0.47290765270896773,-0.00725069
0.46790645487962723,-0.007309254
0.46290106088894056,-0.007361027
0.4578915227143063,-0.007406107
0.45287789301863496,-0.007444593
0.4478602251703282,-0.007476587
0.4428385732636823,-0.007502189
0.4378129921397223,-0.007521504
0.43278353740747244,-0.007534636
0.4277502654656692,-0.007541691
0.4227132335249225,-0.007542775
0.41767249963033204,-0.007537997
0.4126281226845629,-0.007527466
0.4075801624713884,-0.007511292
0.40252867967970424,-0.007489588
0.39747373592802066,-0.007462467
0.3924153937894381,-0.007430043
0.38735371681711167,-0.007392432
0.3822887695702101,-0.007349751
0.3772206176403748,-0.007302118
0.3721493276786841,-0.007249653
0.3670749674231276,-0.007192476
0.3619976057265964,-0.007130709
0.3569173125853928,-0.007064477
0.35183415916826594,-0.006993902
0.34674821784597665,-0.006919113
0.341659562,-0.006840235
0.3365682671601426,-0.006757397
0.3314744088217616,-0.006670728
0.3263780646914498,-0.006580361
0.3212793136123302,-0.006486428
0.31617823581827925,-0.006389061
0.31107491296730966,-0.006288396
0.30596942817551187,-0.006184569
0.300861866,-0.006077718
0.2957523127317569,-0.005967981
0.2906408559157036,-0.005855498
0.28552758490245483,-0.005740411
0.2804125906273014,-0.005622862
0.2752959656990961,-0.005502994
0.27017780443815104,-0.005380954
0.2650582029147025,-0.005256887
0.25993725898794223,-0.00513094
0.25481507234561385,-0.005003263
0.24969174454417278,-0.004874004
0.24456737904950718,-0.004743317
0.23944208127821692,-0.004611351
0.2343159586394472,-0.004478262
0.22918912057727248,-0.004344204
0.22406167861362591,-0.004209332
0.21893374639176885,-0.004073803
0.21380543972029403,-0.003937776
0.2086768766176555,-0.00380141
0.20354817735721756,-0.003664864
0.1984194645128139,-0.0035283
0.19329086300480777,-0.003391881
0.18816250014664251,-0.00325577
0.18303450569187144,-0.00312013
0.17790701188165461,-0.002985128
0.1727801534927096,-0.00285093
0.16765406788570145,-0.002717703
0.1625288950540572,-0.002585615
0.1574047776731878,-0.002454835
0.1522818611501004,-0.002325533
0.1471602936733818,-0.002197879
0.1420402262635335,-0.002072045
0.13692181282363655,-0.001948204
0.13180521019032396,-0.001826528
0.1266905781850365,-0.00170719
0.12157807966553667,-0.001590365
0.11646788057765384,-0.001476228
0.11136015000723248,-0.001364954
0.10625506023225348,-0.001256719
0.10115278677509706,-0.001151699
0.096053508,-0.001050071
0.090957407,-0.000952012
0.085864669,-0.0008577
0.080775483,-0.000767313
0.075690041,-0.000681027
0.07060854,-0.000599022
0.065531179,-0.000521476
0.060458161413856154,-0.000448566
0.055389694597592284,-0.000380472
0.050325989,-0.000317371
0.04526726,-0.000259442
0.040213725742825605,-0.000206861
0.035165608482804075,-0.000159808
0.030123135,-0.000118458
0.025086535149241702,-8.30E-05
0.020056044023269444,-5.36E-05
0.0150319,-3.04E-05
0.010014346,-1.36E-05
0.005003629,-3.44E-06
8.822716862644242e-14,6.252699623189128e-12
